SID,Number
0,3
1,0
2,0
3,9
4,2
5,9
6,7
7,7
8,6
9,6
10,3
11,7
12,7
13,5
14,4
15,3
16,4
17,3
18,8
19,0
20,7
21,8
22,8
23,6
24,1
25,7
26,0
27,7
28,8
29,0
30,8
31,0
32,1
33,4
34,7
35,7
36,9
37,9
38,0
39,7
40,1
41,1
42,7
43,6
44,3
45,2
46,3
47,9
48,8
49,9
50,2
51,6
52,8
53,8
54,2
55,8
56,1
57,6
58,2
59,9
60,3
61,0
62,2
63,3
64,4
65,7
66,3
67,9
68,4
69,6
70,2
71,6
72,9
73,3
74,8
75,0
76,5
77,3
78,6
79,2
80,6
81,3
82,3
83,8
84,5
85,9
86,8
87,6
88,1
89,2
90,4
91,9
92,1
93,6
94,8
95,4
96,7
97,1
98,8
99,6
100,4
101,7
102,2
103,8
104,9
105,0
106,1
107,8
108,1
109,8
110,8
111,2
112,4
113,1
114,0
115,6
116,4
117,0
118,4
119,0
120,6
121,1
122,6
123,3
124,2
125,9
126,9
127,2
128,5
129,8
130,8
131,7
132,6
133,7
134,2
135,3
136,6
137,9
138,1
139,2
140,3
141,1
142,0
143,6
144,3
145,9
146,6
147,8
148,3
149,6
150,3
151,2
152,8
153,3
154,4
155,2
156,4
157,1
158,9
159,9
160,6
161,4
162,2
163,9
164,3
165,9
166,0
167,5
168,9
169,4
170,2
171,5
172,4
173,1
174,8
175,8
176,9
177,2
178,1
179,5
180,4
181,0
182,4
183,5
184,6
185,8
186,1
187,8
188,6
189,9
190,6
191,3
192,9
193,5
194,4
195,6
196,7
197,9
198,0
199,4
200,1
201,9
202,9
203,9
204,8
205,4
206,7
207,8
208,2
209,0
210,3
211,1
212,9
213,7
214,1
215,6
216,3
217,3
218,4
219,9
220,6
221,1
222,3
223,8
224,6
225,4
226,0
227,3
228,3
229,4
230,5
231,7
232,1
233,8
234,5
235,4
236,0
237,0
238,5
239,2
240,1
241,1
242,7
243,7
244,2
245,3
246,1
247,2
248,1
249,3
250,0
251,8
252,4
253,4
254,2
255,0
256,7
257,7
258,8
259,5
260,9
261,1
262,3
263,3
264,8
265,3
266,2
267,2
268,2
269,6
270,4
271,1
272,9
273,8
274,4
275,3
276,7
277,0
278,8
279,6
280,5
281,6
282,9
283,8
284,5
285,1
286,5
287,8
288,0
289,5
290,7
291,7
292,7
293,1
294,9
295,3
296,8
297,8
298,3
299,6
300,3
301,0
302,4
303,7
304,6
305,3
306,7
307,2
308,6
309,3
310,5
311,6
312,5
313,3
314,5
315,7
316,2
317,6
318,4
319,0
320,5
321,7
322,2
323,4
324,7
325,2
326,4
327,0
328,8
329,3
330,8
331,0
332,0
333,4
334,8
335,3
336,0
337,5
338,5
339,9
340,3
341,6
342,4
343,4
344,8
345,2
346,9
347,0
348,4
349,4
350,7
351,9
352,7
353,0
354,9
355,5
356,3
357,6
358,6
359,3
360,4
361,0
362,2
363,9
364,3
365,4
366,8
367,5
368,3
369,7
370,1
371,2
372,2
373,0
374,6
375,9
376,2
377,2
378,4
379,2
380,1
381,4
382,9
383,2
384,9
385,9
386,0
387,0
388,1
389,2
390,8
391,8
392,4
393,0
394,7
395,9
396,1
397,1
398,0
399,3
400,5
401,5
402,7
403,0
404,3
405,8
406,3
407,1
408,1
409,2
410,5
411,9
412,1
413,6
414,9
415,1
416,1
417,9
418,2
419,5
420,9
421,7
422,5
423,2
424,6
425,0
426,1
427,2
428,0
429,4
430,4
431,4
432,5
433,0
434,9
435,9
436,9
437,2
438,9
439,9
440,3
441,0
442,5
443,8
444,6
445,1
446,1
447,8
448,7
449,1
450,1
451,5
452,7
453,5
454,2
455,3
456,3
457,5
458,5
459,4
460,0
461,7
462,5
463,5
464,9
465,2
466,1
467,5
468,2
469,0
470,1
471,5
472,7
473,0
474,9
475,9
476,3
477,9
478,9
479,2
480,6
481,8
482,5
483,8
484,0
485,3
486,6
487,5
488,6
489,9
490,7
491,1
492,8
493,1
494,1
495,5
496,4
497,2
498,6
499,8
500,9
501,1
502,6
503,7
504,7
505,1
506,2
507,7
508,4
509,7
510,5
511,0
512,3
513,1
514,3
515,1
516,0
517,0
518,3
519,7
520,5
521,3
522,6
523,4
524,9
525,1
526,8
527,7
528,1
529,3
530,1
531,6
532,8
533,0
534,1
535,7
536,1
537,3
538,1
539,9
540,4
541,5
542,2
543,2
544,0
545,0
546,9
547,9
548,6
549,9
550,8
551,8
552,4
553,7
554,1
555,1
556,8
557,5
558,7
559,4
560,1
561,1
562,7
563,1
564,9
565,0
566,7
567,8
568,3
569,1
570,8
571,7
572,5
573,9
574,8
575,2
576,9
577,2
578,2
579,6
580,2
581,0
582,4
583,9
584,9
585,7
586,6
587,3
588,7
589,6
590,4
591,5
592,4
593,2
594,9
595,6
596,8
597,2
598,0
599,2
600,9
601,2
602,1
603,7
604,6
605,7
606,9
607,8
608,1
609,2
610,9
611,1
612,1
613,5
614,1
615,8
616,2
617,7
618,7
619,3
620,8
621,1
622,4
623,7
624,2
625,3
626,0
627,1
628,5
629,3
630,8
631,3
632,0
633,5
634,7
635,6
636,2
637,9
638,4
639,6
640,4
641,1
642,9
643,3
644,0
645,9
646,2
647,1
648,2
649,6
650,5
651,5
652,4
653,5
654,6
655,9
656,5
657,3
658,5
659,4
660,0
661,9
662,0
663,8
664,9
665,0
666,8
667,3
668,2
669,1
670,9
671,8
672,4
673,6
674,2
675,6
676,3
677,8
678,1
679,3
680,7
681,3
682,2
683,4
684,3
685,1
686,5
687,9
688,4
689,7
690,3
691,9
692,2
693,1
694,7
695,6
696,4
697,2
698,9
699,3
700,3
701,1
702,1
703,9
704,2
705,9
706,8
707,1
708,7
709,9
710,0
711,6
712,9
713,8
714,6
715,0
716,1
717,0
718,8
719,5
720,1
721,1
722,7
723,6
724,8
725,0
726,1
727,9
728,1
729,5
730,1
731,7
732,4
733,9
734,8
735,0
736,6
737,3
738,3
739,7
740,2
741,3
742,8
743,2
744,3
745,6
746,4
747,7
748,1
749,0
750,3
751,3
752,2
753,9
754,1
755,5
756,4
757,4
758,8
759,4
760,9
761,8
762,2
763,1
764,6
765,5
766,1
767,6
768,1
769,0
770,0
771,5
772,7
773,4
774,5
775,8
776,1
777,7
778,8
779,1
780,2
781,6
782,4
783,3
784,6
785,7
786,8
787,8
788,0
789,0
790,6
791,9
792,9
793,4
794,1
795,2
796,9
797,1
798,1
799,2
800,6
801,4
802,9
803,0
804,1
805,8
806,5
807,7
808,0
809,5
810,8
811,3
812,4
813,9
814,0
815,8
816,4
817,7
818,9
819,6
820,7
821,6
822,3
823,0
824,2
825,9
826,5
827,5
828,3
829,3
830,9
831,2
832,2
833,3
834,0
835,4
836,4
837,4
838,8
839,7
840,2
841,2
842,2
843,2
844,3
845,8
846,7
847,9
848,1
849,0
850,8
851,5
852,7
853,4
854,2
855,0
856,6
857,0
858,9
859,3
860,8
861,1
862,7
863,5
864,3
865,8
866,0
867,7
868,0
869,8
870,2
871,1
872,3
873,9
874,1
875,4
876,9
877,2
878,6
879,7
880,3
881,8
882,3
883,1
884,8
885,2
886,6
887,8
888,9
889,9
890,0
891,8
892,1
893,8
894,1
895,9
896,3
897,1
898,0
899,8
900,6
901,8
902,5
903,4
904,6
905,4
906,9
907,8
908,0
909,8
910,2
911,6
912,8
913,3
914,4
915,3
916,6
917,7
918,5
919,3
920,9
921,6
922,3
923,1
924,0
925,7
926,6
927,4
928,6
929,9
930,9
931,2
932,2
933,5
934,9
935,8
936,4
937,9
938,4
939,8
940,5
941,9
942,4
943,9
944,8
945,5
946,9
947,1
948,0
949,7
950,1
951,2
952,7
953,4
954,8
955,7
956,8
957,6
958,5
959,7
960,6
961,2
962,0
963,1
964,5
965,8
966,6
967,0
968,8
969,2
970,1
971,9
972,8
973,2
974,3
975,7
976,9
977,7
978,7
979,3
980,0
981,9
982,3
983,5
984,3
985,9
986,6
987,7
988,7
989,2
990,9
991,2
992,0
993,2
994,9
995,1
996,4
997,3
998,9
999,1
1000,8
1001,1
1002,6
1003,1
1004,0
1005,7
1006,3
1007,2
1008,3
1009,7
1010,5
1011,7
1012,9
1013,9
1014,2
1015,3
1016,8
1017,9
1018,3
1019,5
1020,6
1021,1
1022,2
1023,4
1024,2
1025,4
1026,0
1027,9
1028,8
1029,1
1030,2
1031,9
1032,8
1033,0
1034,4
1035,7
1036,5
1037,3
1038,7
1039,2
1040,4
1041,5
1042,2
1043,9
1044,1
1045,9
1046,4
1047,2
1048,2
1049,0
1050,5
1051,9
1052,9
1053,2
1054,4
1055,7
1056,7
1057,1
1058,1
1059,5
1060,9
1061,5
1062,0
1063,4
1064,2
1065,9
1066,8
1067,6
1068,4
1069,4
1070,3
1071,5
1072,7
1073,1
1074,0
1075,5
1076,9
1077,6
1078,8
1079,4
1080,1
1081,7
1082,0
1083,3
1084,9
1085,2
1086,1
1087,3
1088,7
1089,0
1090,3
1091,0
1092,1
1093,3
1094,8
1095,1
1096,1
1097,4
1098,3
1099,2
1100,5
1101,2
1102,9
1103,8
1104,2
1105,7
1106,6
1107,8
1108,7
1109,8
1110,6
1111,1
1112,0
1113,7
1114,0
1115,8
1116,1
1117,1
1118,9
1119,4
1120,8
1121,6
1122,1
1123,4
1124,0
1125,9
1126,7
1127,0
1128,1
1129,3
1130,9
1131,9
1132,9
1133,5
1134,9
1135,9
1136,9
1137,6
1138,1
1139,0
1140,5
1141,4
1142,8
1143,3
1144,9
1145,6
1146,7
1147,7
1148,6
1149,5
1150,9
1151,9
1152,2
1153,7
1154,6
1155,9
1156,1
1157,2
1158,0
1159,9
1160,3
1161,0
1162,6
1163,2
1164,4
1165,2
1166,1
1167,4
1168,0
1169,8
1170,1
1171,1
1172,2
1173,1
1174,2
1175,5
1176,7
1177,0
1178,8
1179,1
1180,2
1181,9
1182,8
1183,3
1184,8
1185,4
1186,2
1187,3
1188,8
1189,5
1190,8
1191,4
1192,4
1193,2
1194,5
1195,3
1196,5
1197,7
1198,5
1199,6
1200,6
1201,6
1202,6
1203,3
1204,8
1205,9
1206,9
1207,5
1208,1
1209,9
1210,3
1211,2
1212,9
1213,7
1214,8
1215,5
1216,2
1217,8
1218,0
1219,6
1220,1
1221,1
1222,2
1223,3
1224,2
1225,2
1226,2
1227,9
1228,9
1229,5
1230,3
1231,2
1232,5
1233,7
1234,5
1235,2
1236,8
1237,3
1238,0
1239,9
1240,6
1241,4
1242,1
1243,4
1244,2
1245,4
1246,7
1247,3
1248,7
1249,9
1250,3
1251,0
1252,2
1253,3
1254,6
1255,0
1256,6
1257,0
1258,9
1259,6
1260,0
1261,6
1262,7
1263,2
1264,1
1265,3
1266,2
1267,4
1268,3
1269,8
1270,2
1271,6
1272,4
1273,2
1274,5
1275,6
1276,7
1277,1
1278,4
1279,1
1280,5
1281,6
1282,8
1283,8
1284,2
1285,2
1286,1
1287,0
1288,4
1289,1
1290,2
1291,9
1292,0
1293,2
1294,2
1295,4
1296,9
1297,2
1298,1
1299,8
1300,3
1301,6
1302,2
1303,5
1304,5
1305,6
1306,5
1307,5
1308,5
1309,3
1310,2
1311,2
1312,1
1313,8
1314,8
1315,1
1316,1
1317,3
1318,9
1319,5
1320,3
1321,6
1322,1
1323,9
1324,0
1325,3
1326,0
1327,8
1328,4
1329,1
1330,3
1331,7
1332,7
1333,7
1334,1
1335,3
1336,5
1337,3
1338,1
1339,1
1340,9
1341,6
1342,1
1343,6
1344,0
1345,4
1346,4
1347,7
1348,5
1349,9
1350,4
1351,7
1352,3
1353,9
1354,8
1355,1
1356,8
1357,9
1358,1
1359,4
1360,3
1361,6
1362,7
1363,4
1364,3
1365,2
1366,2
1367,1
1368,7
1369,4
1370,2
1371,4
1372,3
1373,5
1374,4
1375,4
1376,3
1377,8
1378,6
1379,5
1380,5
1381,0
1382,6
1383,0
1384,8
1385,1
1386,2
1387,6
1388,3
1389,8
1390,6
1391,2
1392,3
1393,4
1394,4
1395,3
1396,3
1397,9
1398,3
1399,3
1400,2
1401,0
1402,3
1403,6
1404,9
1405,9
1406,0
1407,3
1408,6
1409,7
1410,9
1411,4
1412,3
1413,0
1414,1
1415,7
1416,5
1417,5
1418,3
1419,4
1420,0
1421,3
1422,6
1423,2
1424,6
1425,6
1426,0
1427,3
1428,0
1429,1
1430,6
1431,7
1432,9
1433,9
1434,9
1435,0
1436,3
1437,9
1438,9
1439,8
1440,7
1441,8
1442,9
1443,0
1444,5
1445,1
1446,9
1447,3
1448,2
1449,5
1450,0
1451,0
1452,3
1453,0
1454,2
1455,6
1456,9
1457,9
1458,0
1459,7
1460,9
1461,5
1462,4
1463,9
1464,1
1465,9
1466,0
1467,9
1468,7
1469,1
1470,0
1471,7
1472,9
1473,1
1474,4
1475,9
1476,2
1477,4
1478,8
1479,1
1480,9
1481,3
1482,9
1483,5
1484,9
1485,3
1486,8
1487,1
1488,3
1489,3
1490,0
1491,8
1492,1
1493,2
1494,5
1495,5
1496,4
1497,2
1498,5
1499,6
1500,1
1501,1
1502,9
1503,3
1504,6
1505,1
1506,4
1507,3
1508,4
1509,5
1510,9
1511,8
1512,8
1513,5
1514,3
1515,7
1516,8
1517,2
1518,1
1519,9
1520,7
1521,3
1522,1
1523,3
1524,4
1525,6
1526,5
1527,7
1528,6
1529,4
1530,3
1531,5
1532,6
1533,0
1534,6
1535,6
1536,6
1537,5
1538,0
1539,1
1540,4
1541,6
1542,6
1543,0
1544,0
1545,2
1546,5
1547,4
1548,7
1549,4
1550,3
1551,4
1552,4
1553,0
1554,0
1555,7
1556,6
1557,4
1558,3
1559,7
1560,4
1561,3
1562,3
1563,0
1564,9
1565,4
1566,6
1567,7
1568,6
1569,7
1570,6
1571,5
1572,5
1573,8
1574,5
1575,8
1576,3
1577,9
1578,6
1579,8
1580,2
1581,1
1582,1
1583,5
1584,8
1585,7
1586,3
1587,2
1588,6
1589,0
1590,1
1591,1
1592,8
1593,7
1594,7
1595,4
1596,7
1597,1
1598,7
1599,3
1600,0
1601,1
1602,8
1603,5
1604,5
1605,0
1606,3
1607,6
1608,4
1609,6
1610,1
1611,9
1612,6
1613,1
1614,9
1615,5
1616,4
1617,4
1618,1
1619,7
1620,9
1621,9
1622,3
1623,5
1624,1
1625,3
1626,9
1627,7
1628,7
1629,0
1630,1
1631,7
1632,4
1633,4
1634,9
1635,1
1636,4
1637,8
1638,0
1639,3
1640,7
1641,4
1642,6
1643,4
1644,8
1645,9
1646,9
1647,0
1648,8
1649,0
1650,8
1651,8
1652,9
1653,4
1654,2
1655,4
1656,4
1657,0
1658,6
1659,0
1660,3
1661,2
1662,0
1663,1
1664,9
1665,7
1666,1
1667,3
1668,6
1669,6
1670,2
1671,8
1672,4
1673,2
1674,9
1675,7
1676,1
1677,0
1678,6
1679,8
1680,8
1681,1
1682,2
1683,1
1684,7
1685,5
1686,0
1687,8
1688,4
1689,9
1690,4
1691,0
1692,1
1693,4
1694,6
1695,3
1696,1
1697,9
1698,7
1699,8
1700,8
1701,9
1702,6
1703,7
1704,4
1705,7
1706,6
1707,9
1708,6
1709,3
1710,5
1711,3
1712,8
1713,1
1714,4
1715,1
1716,4
1717,4
1718,6
1719,9
1720,1
1721,2
1722,4
1723,2
1724,2
1725,6
1726,6
1727,2
1728,1
1729,5
1730,7
1731,5
1732,0
1733,0
1734,5
1735,9
1736,9
1737,7
1738,7
1739,6
1740,8
1741,7
1742,6
1743,0
1744,4
1745,0
1746,5
1747,8
1748,4
1749,3
1750,7
1751,4
1752,4
1753,6
1754,2
1755,6
1756,6
1757,2
1758,3
1759,7
1760,0
1761,3
1762,8
1763,0
1764,2
1765,8
1766,7
1767,1
1768,0
1769,1
1770,1
1771,9
1772,2
1773,3
1774,8
1775,9
1776,1
1777,2
1778,8
1779,7
1780,0
1781,4
1782,2
1783,4
1784,1
1785,8
1786,6
1787,4
1788,3
1789,2
1790,6
1791,1
1792,4
1793,1
1794,2
1795,9
1796,2
1797,3
1798,3
1799,2
1800,3
1801,8
1802,3
1803,7
1804,7
1805,4
1806,1
1807,7
1808,9
1809,9
1810,5
1811,6
1812,1
1813,9
1814,1
1815,8
1816,3
1817,7
1818,3
1819,6
1820,6
1821,5
1822,1
1823,3
1824,6
1825,2
1826,0
1827,0
1828,7
1829,3
1830,8
1831,1
1832,5
1833,2
1834,6
1835,1
1836,3
1837,5
1838,7
1839,0
1840,9
1841,0
1842,4
1843,5
1844,7
1845,7
1846,1
1847,0
1848,3
1849,0
1850,9
1851,3
1852,1
1853,7
1854,6
1855,2
1856,7
1857,3
1858,1
1859,0
1860,0
1861,2
1862,4
1863,9
1864,2
1865,9
1866,6
1867,4
1868,6
1869,0
1870,0
1871,6
1872,7
1873,1
1874,5
1875,6
1876,6
1877,2
1878,7
1879,8
1880,1
1881,8
1882,6
1883,6
1884,6
1885,6
1886,0
1887,9
1888,4
1889,2
1890,0
1891,8
1892,9
1893,4
1894,0
1895,6
1896,4
1897,8
1898,6
1899,4
1900,5
1901,5
1902,9
1903,3
1904,3
1905,9
1906,1
1907,8
1908,0
1909,0
1910,4
1911,7
1912,4
1913,4
1914,4
1915,7
1916,8
1917,8
1918,1
1919,2
1920,8
1921,4
1922,8
1923,4
1924,1
1925,3
1926,7
1927,2
1928,8
1929,5
1930,9
1931,5
1932,7
1933,8
1934,9
1935,3
1936,5
1937,3
1938,5
1939,3
1940,3
1941,3
1942,5
1943,5
1944,6
1945,1
1946,4
1947,9
1948,8
1949,8
1950,6
1951,9
1952,1
1953,5
1954,9
1955,8
1956,4
1957,8
1958,5
1959,6
1960,4
1961,2
1962,6
1963,6
1964,2
1965,3
1966,5
1967,9
1968,2
1969,4
1970,1
1971,5
1972,9
1973,4
1974,4
1975,4
1976,7
1977,3
1978,0
1979,0
1980,4
1981,1
1982,2
1983,0
1984,7
1985,8
1986,3
1987,9
1988,7
1989,1
1990,8
1991,5
1992,8
1993,9
1994,8
1995,3
1996,4
1997,1
1998,4
1999,8
2000,9
2001,2
2002,2
2003,6
2004,0
2005,1
2006,1
2007,9
2008,9
2009,2
2010,1
2011,7
2012,0
2013,7
2014,3
2015,7
2016,7
2017,3
2018,9
2019,6
2020,2
2021,0
2022,6
2023,8
2024,4
2025,5
2026,3
2027,6
2028,1
2029,8
2030,2
2031,3
2032,1
2033,0
2034,8
2035,4
2036,6
2037,6
2038,5
2039,1
2040,8
2041,3
2042,2
2043,0
2044,8
2045,6
2046,3
2047,3
2048,5
2049,2
2050,7
2051,0
2052,6
2053,3
2054,8
2055,3
2056,8
2057,9
2058,3
2059,8
2060,6
2061,3
2062,9
2063,3
2064,2
2065,8
2066,1
2067,3
2068,0
2069,7
2070,3
2071,4
2072,2
2073,7
2074,4
2075,1
2076,9
2077,6
2078,4
2079,2
2080,8
2081,3
2082,9
2083,1
2084,4
2085,7
2086,6
2087,4
2088,7
2089,7
2090,9
2091,4
2092,8
2093,8
2094,1
2095,6
2096,9
2097,1
2098,9
2099,1
2100,4
2101,1
2102,1
2103,9
2104,3
2105,4
2106,8
2107,0
2108,9
2109,9
2110,0
2111,5
2112,2
2113,4
2114,5
2115,1
2116,8
2117,9
2118,6
2119,2
2120,8
2121,3
2122,8
2123,8
2124,7
2125,0
2126,5
2127,9
2128,1
2129,5
2130,6
2131,6
2132,0
2133,5
2134,4
2135,6
2136,2
2137,7
2138,7
2139,1
2140,6
2141,2
2142,6
2143,3
2144,6
2145,9
2146,6
2147,5
2148,2
2149,3
2150,5
2151,9
2152,9
2153,1
2154,0
2155,4
2156,6
2157,4
2158,5
2159,9
2160,0
2161,6
2162,4
2163,2
2164,2
2165,7
2166,9
2167,6
2168,5
2169,0
2170,4
2171,2
2172,4
2173,2
2174,3
2175,3
2176,8
2177,6
2178,7
2179,3
2180,2
2181,8
2182,2
2183,3
2184,1
2185,2
2186,3
2187,8
2188,2
2189,9
2190,3
2191,0
2192,1
2193,0
2194,6
2195,2
2196,0
2197,9
2198,5
2199,4
2200,5
2201,1
2202,5
2203,3
2204,8
2205,5
2206,1
2207,9
2208,9
2209,3
2210,9
2211,7
2212,6
2213,3
2214,4
2215,2
2216,9
2217,2
2218,7
2219,1
2220,5
2221,9
2222,3
2223,7
2224,1
2225,4
2226,5
2227,7
2228,8
2229,9
2230,1
2231,2
2232,7
2233,8
2234,0
2235,2
2236,3
2237,6
2238,8
2239,6
2240,5
2241,8
2242,2
2243,2
2244,4
2245,2
2246,7
2247,5
2248,2
2249,5
2250,4
2251,5
2252,8
2253,7
2254,6
2255,9
2256,7
2257,7
2258,8
2259,6
2260,3
2261,0
2262,1
2263,8
2264,9
2265,9
2266,9
2267,7
2268,1
2269,7
2270,2
2271,1
2272,0
2273,9
2274,8
2275,3
2276,8
2277,5
2278,8
2279,1
2280,7
2281,8
2282,1
2283,9
2284,4
2285,1
2286,8
2287,1
2288,2
2289,4
2290,9
2291,8
2292,8
2293,4
2294,1
2295,6
2296,7
2297,2
2298,0
2299,4
2300,1
2301,4
2302,3
2303,6
2304,1
2305,5
2306,7
2307,0
2308,2
2309,7
2310,5
2311,7
2312,7
2313,3
2314,6
2315,5
2316,8
2317,4
2318,5
2319,1
2320,8
2321,1
2322,1
2323,2
2324,1
2325,7
2326,3
2327,6
2328,6
2329,6
2330,0
2331,3
2332,3
2333,7
2334,1
2335,1
2336,4
2337,1
2338,5
2339,6
2340,0
2341,9
2342,2
2343,4
2344,2
2345,0
2346,5
2347,3
2348,7
2349,1
2350,5
2351,4
2352,0
2353,3
2354,1
2355,5
2356,4
2357,2
2358,9
2359,1
2360,0
2361,2
2362,5
2363,7
2364,1
2365,9
2366,1
2367,4
2368,1
2369,2
2370,7
2371,4
2372,7
2373,2
2374,2
2375,9
2376,7
2377,9
2378,5
2379,3
2380,1
2381,5
2382,2
2383,7
2384,9
2385,1
2386,1
2387,4
2388,1
2389,9
2390,9
2391,2
2392,5
2393,2
2394,7
2395,3
2396,0
2397,8
2398,6
2399,6
2400,9
2401,2
2402,7
2403,1
2404,7
2405,8
2406,7
2407,7
2408,7
2409,0
2410,5
2411,6
2412,8
2413,3
2414,5
2415,3
2416,2
2417,6
2418,3
2419,9
2420,0
2421,7
2422,6
2423,7
2424,8
2425,7
2426,7
2427,6
2428,7
2429,0
2430,7
2431,8
2432,0
2433,7
2434,2
2435,0
2436,0
2437,3
2438,8
2439,8
2440,0
2441,1
2442,3
2443,9
2444,1
2445,4
2446,7
2447,8
2448,9
2449,2
2450,8
2451,5
2452,3
2453,1
2454,8
2455,8
2456,2
2457,3
2458,5
2459,0
2460,6
2461,3
2462,0
2463,1
2464,7
2465,8
2466,6
2467,1
2468,2
2469,2
2470,9
2471,6
2472,8
2473,0
2474,6
2475,4
2476,5
2477,9
2478,8
2479,2
2480,4
2481,1
2482,2
2483,4
2484,4
2485,1
2486,4
2487,4
2488,9
2489,8
2490,7
2491,8
2492,0
2493,4
2494,1
2495,2
2496,7
2497,2
2498,2
2499,3
2500,1
2501,5
2502,5
2503,3
2504,7
2505,9
2506,6
2507,8
2508,7
2509,3
2510,1
2511,2
2512,6
2513,6
2514,8
2515,9
2516,4
2517,1
2518,3
2519,7
2520,2
2521,3
2522,0
2523,9
2524,2
2525,8
2526,2
2527,6
2528,7
2529,2
2530,7
2531,7
2532,1
2533,6
2534,1
2535,5
2536,1
2537,9
2538,4
2539,1
2540,3
2541,3
2542,9
2543,7
2544,4
2545,6
2546,9
2547,0
2548,2
2549,0
2550,3
2551,0
2552,2
2553,0
2554,1
2555,6
2556,5
2557,1
2558,0
2559,7
2560,4
2561,7
2562,7
2563,9
2564,1
2565,7
2566,7
2567,9
2568,1
2569,8
2570,6
2571,4
2572,9
2573,6
2574,6
2575,2
2576,7
2577,8
2578,8
2579,1
2580,2
2581,5
2582,7
2583,5
2584,8
2585,9
2586,5
2587,6
2588,6
2589,2
2590,6
2591,9
2592,6
2593,0
2594,6
2595,7
2596,6
2597,2
2598,7
2599,8
2600,6
2601,1
2602,9
2603,3
2604,4
2605,6
2606,8
2607,7
2608,5
2609,1
2610,1
2611,2
2612,5
2613,5
2614,1
2615,9
2616,7
2617,1
2618,2
2619,4
2620,3
2621,5
2622,1
2623,3
2624,4
2625,8
2626,0
2627,7
2628,2
2629,9
2630,5
2631,6
2632,6
2633,2
2634,9
2635,9
2636,6
2637,2
2638,5
2639,2
2640,3
2641,9
2642,5
2643,6
2644,4
2645,3
2646,3
2647,0
2648,0
2649,1
2650,6
2651,6
2652,8
2653,1
2654,8
2655,4
2656,3
2657,9
2658,8
2659,6
2660,7
2661,9
2662,7
2663,0
2664,4
2665,8
2666,3
2667,4
2668,3
2669,7
2670,9
2671,3
2672,7
2673,7
2674,0
2675,5
2676,6
2677,1
2678,7
2679,2
2680,6
2681,6
2682,2
2683,8
2684,9
2685,9
2686,5
2687,1
2688,7
2689,1
2690,4
2691,3
2692,4
2693,1
2694,5
2695,8
2696,1
2697,1
2698,4
2699,8
2700,3
2701,1
2702,2
2703,5
2704,0
2705,2
2706,2
2707,7
2708,6
2709,8
2710,0
2711,6
2712,0
2713,1
2714,6
2715,4
2716,1
2717,4
2718,8
2719,3
2720,0
2721,8
2722,3
2723,1
2724,6
2725,7
2726,1
2727,1
2728,1
2729,9
2730,8
2731,5
2732,2
2733,2
2734,3
2735,1
2736,9
2737,0
2738,8
2739,1
2740,7
2741,7
2742,0
2743,0
2744,4
2745,7
2746,5
2747,1
2748,1
2749,7
2750,4
2751,4
2752,3
2753,6
2754,7
2755,8
2756,8
2757,1
2758,4
2759,3
2760,0
2761,7
2762,2
2763,0
2764,1
2765,4
2766,6
2767,4
2768,6
2769,5
2770,7
2771,4
2772,0
2773,5
2774,9
2775,5
2776,6
2777,9
2778,1
2779,4
2780,8
2781,5
2782,6
2783,5
2784,5
2785,8
2786,1
2787,2
2788,6
2789,5
2790,9
2791,3
2792,9
2793,8
2794,3
2795,5
2796,6
2797,2
2798,7
2799,4
2800,8
2801,7
2802,1
2803,7
2804,5
2805,1
2806,5
2807,4
2808,0
2809,3
2810,4
2811,3
2812,7
2813,2
2814,8
2815,7
2816,6
2817,8
2818,1
2819,9
2820,0
2821,0
2822,4
2823,3
2824,7
2825,3
2826,3
2827,1
2828,5
2829,2
2830,4
2831,3
2832,1
2833,2
2834,2
2835,6
2836,7
2837,4
2838,4
2839,7
2840,7
2841,3
2842,6
2843,8
2844,5
2845,9
2846,1
2847,4
2848,2
2849,3
2850,7
2851,8
2852,5
2853,5
2854,7
2855,2
2856,3
2857,2
2858,9
2859,6
2860,2
2861,5
2862,4
2863,3
2864,8
2865,7
2866,3
2867,7
2868,9
2869,5
2870,2
2871,9
2872,9
2873,5
2874,6
2875,6
2876,0
2877,2
2878,3
2879,9
2880,0
2881,6
2882,1
2883,2
2884,3
2885,4
2886,7
2887,9
2888,7
2889,7
2890,0
2891,1
2892,9
2893,8
2894,9
2895,5
2896,5
2897,8
2898,0
2899,1
2900,0
2901,5
2902,1
2903,4
2904,7
2905,1
2906,2
2907,1
2908,8
2909,4
2910,9
2911,3
2912,0
2913,4
2914,3
2915,1
2916,0
2917,0
2918,8
2919,1
2920,3
2921,4
2922,4
2923,9
2924,2
2925,3
2926,5
2927,2
2928,2
2929,2
2930,8
2931,8
2932,9
2933,5
2934,9
2935,9
2936,7
2937,6
2938,8
2939,2
2940,8
2941,9
2942,8
2943,9
2944,6
2945,7
2946,1
2947,6
2948,2
2949,2
2950,2
2951,5
2952,2
2953,3
2954,9
2955,1
2956,0
2957,1
2958,4
2959,7
2960,8
2961,1
2962,1
2963,1
2964,9
2965,2
2966,6
2967,0
2968,2
2969,2
2970,7
2971,9
2972,6
2973,1
2974,3
2975,5
2976,8
2977,6
2978,4
2979,5
2980,9
2981,1
2982,1
2983,7
2984,7
2985,1
2986,7
2987,2
2988,3
2989,3
2990,2
2991,6
2992,0
2993,2
2994,7
2995,0
2996,6
2997,5
2998,6
2999,2
3000,7
3001,3
3002,8
3003,5
3004,0
3005,1
3006,9
3007,1
3008,0
3009,8
3010,9
3011,9
3012,2
3013,6
3014,4
3015,0
3016,1
3017,7
3018,9
3019,4
3020,1
3021,9
3022,6
3023,4
3024,1
3025,4
3026,2
3027,9
3028,5
3029,2
3030,5
3031,5
3032,6
3033,9
3034,4
3035,9
3036,4
3037,8
3038,3
3039,8
3040,2
3041,2
3042,8
3043,6
3044,3
3045,8
3046,9
3047,9
3048,7
3049,2
3050,3
3051,6
3052,1
3053,6
3054,0
3055,3
3056,0
3057,7
3058,4
3059,8
3060,9
3061,9
3062,6
3063,0
3064,2
3065,6
3066,2
3067,5
3068,0
3069,4
3070,1
3071,4
3072,0
3073,1
3074,0
3075,1
3076,9
3077,0
3078,5
3079,4
3080,7
3081,5
3082,6
3083,8
3084,8
3085,9
3086,7
3087,6
3088,5
3089,8
3090,8
3091,7
3092,6
3093,8
3094,2
3095,2
3096,0
3097,0
3098,9
3099,8
3100,1
3101,9
3102,7
3103,9
3104,9
3105,8
3106,7
3107,1
3108,4
3109,1
3110,5
3111,5
3112,6
3113,7
3114,4
3115,5
3116,3
3117,2
3118,6
3119,9
3120,6
3121,1
3122,0
3123,5
3124,9
3125,6
3126,5
3127,7
3128,9
3129,6
3130,1
3131,0
3132,1
3133,0
3134,7
3135,6
3136,7
3137,9
3138,4
3139,1
3140,3
3141,1
3142,5
3143,4
3144,4
3145,6
3146,9
3147,1
3148,8
3149,6
3150,8
3151,2
3152,5
3153,1
3154,0
3155,0
3156,6
3157,8
3158,4
3159,7
3160,5
3161,7
3162,3
3163,5
3164,0
3165,2
3166,8
3167,3
3168,7
3169,8
3170,3
3171,1
3172,2
3173,5
3174,2
3175,9
3176,3
3177,3
3178,8
3179,6
3180,5
3181,8
3182,9
3183,6
3184,0
3185,9
3186,5
3187,3
3188,8
3189,7
3190,4
3191,0
3192,9
3193,7
3194,2
3195,4
3196,8
3197,5
3198,8
3199,3
3200,4
3201,7
3202,2
3203,1
3204,7
3205,8
3206,4
3207,8
3208,5
3209,4
3210,3
3211,2
3212,4
3213,0
3214,5
3215,4
3216,0
3217,6
3218,8
3219,2
3220,4
3221,7
3222,3
3223,9
3224,7
3225,5
3226,2
3227,6
3228,9
3229,7
3230,5
3231,1
3232,2
3233,9
3234,8
3235,8
3236,5
3237,5
3238,1
3239,4
3240,4
3241,0
3242,6
3243,2
3244,2
3245,4
3246,3
3247,6
3248,7
3249,8
3250,9
3251,2
3252,0
3253,3
3254,6
3255,0
3256,8
3257,7
3258,6
3259,4
3260,5
3261,6
3262,7
3263,4
3264,1
3265,1
3266,3
3267,5
3268,9
3269,9
3270,9
3271,8
3272,7
3273,1
3274,8
3275,4
3276,9
3277,1
3278,4
3279,2
3280,4
3281,9
3282,3
3283,2
3284,7
3285,4
3286,1
3287,8
3288,0
3289,3
3290,2
3291,0
3292,2
3293,6
3294,3
3295,0
3296,1
3297,8
3298,9
3299,0
3300,7
3301,8
3302,4
3303,9
3304,4
3305,8
3306,6
3307,2
3308,7
3309,0
3310,3
3311,3
3312,0
3313,6
3314,3
3315,6
3316,8
3317,2
3318,2
3319,1
3320,0
3321,0
3322,2
3323,4
3324,5
3325,6
3326,1
3327,4
3328,9
3329,1
3330,9
3331,6
3332,1
3333,4
3334,9
3335,0
3336,1
3337,3
3338,8
3339,0
3340,6
3341,0
3342,4
3343,2
3344,3
3345,6
3346,0
3347,7
3348,6
3349,9
3350,7
3351,5
3352,9
3353,3
3354,8
3355,9
3356,0
3357,2
3358,1
3359,9
3360,2
3361,1
3362,9
3363,5
3364,0
3365,0
3366,5
3367,5
3368,6
3369,2
3370,3
3371,5
3372,5
3373,8
3374,7
3375,3
3376,7
3377,8
3378,2
3379,6
3380,9
3381,3
3382,4
3383,1
3384,9
3385,0
3386,6
3387,1
3388,3
3389,5
3390,3
3391,3
3392,9
3393,1
3394,8
3395,1
3396,5
3397,2
3398,9
3399,3
3400,0
3401,2
3402,1
3403,2
3404,4
3405,1
3406,4
3407,2
3408,8
3409,9
3410,1
3411,6
3412,8
3413,5
3414,4
3415,8
3416,7
3417,7
3418,9
3419,8
3420,6
3421,3
3422,3
3423,5
3424,6
3425,3
3426,4
3427,3
3428,3
3429,7
3430,3
3431,5
3432,3
3433,0
3434,9
3435,5
3436,5
3437,0
3438,9
3439,5
3440,4
3441,9
3442,2
3443,7
3444,7
3445,1
3446,4
3447,3
3448,3
3449,5
3450,8
3451,9
3452,1
3453,3
3454,9
3455,5
3456,0
3457,4
3458,1
3459,4
3460,7
3461,0
3462,6
3463,3
3464,2
3465,9
3466,1
3467,4
3468,4
3469,0
3470,3
3471,9
3472,2
3473,6
3474,9
3475,2
3476,8
3477,2
3478,6
3479,4
3480,5
3481,1
3482,8
3483,9
3484,2
3485,1
3486,1
3487,2
3488,2
3489,8
3490,1
3491,1
3492,8
3493,9
3494,9
3495,2
3496,8
3497,1
3498,8
3499,4
3500,8
3501,1
3502,4
3503,6
3504,9
3505,5
3506,8
3507,2
3508,1
3509,1
3510,1
3511,3
3512,0
3513,5
3514,2
3515,8
3516,8
3517,4
3518,7
3519,8
3520,7
3521,9
3522,9
3523,9
3524,0
3525,7
3526,0
3527,2
3528,7
3529,8
3530,4
3531,0
3532,6
3533,1
3534,1
3535,8
3536,4
3537,6
3538,6
3539,0
3540,8
3541,8
3542,6
3543,0
3544,9
3545,0
3546,9
3547,4
3548,5
3549,4
3550,3
3551,2
3552,0
3553,6
3554,7
3555,8
3556,0
3557,3
3558,2
3559,9
3560,1
3561,3
3562,9
3563,7
3564,1
3565,3
3566,6
3567,7
3568,2
3569,8
3570,9
3571,9
3572,3
3573,7
3574,5
3575,0
3576,1
3577,1
3578,0
3579,7
3580,0
3581,6
3582,4
3583,1
3584,2
3585,0
3586,8
3587,7
3588,0
3589,8
3590,2
3591,9
3592,4
3593,9
3594,2
3595,9
3596,6
3597,0
3598,8
3599,3
3600,9
3601,2
3602,4
3603,8
3604,6
3605,8
3606,2
3607,6
3608,2
3609,6
3610,3
3611,1
3612,7
3613,1
3614,6
3615,4
3616,7
3617,4
3618,6
3619,5
3620,5
3621,0
3622,0
3623,7
3624,6
3625,3
3626,0
3627,8
3628,9
3629,2
3630,4
3631,5
3632,8
3633,0
3634,2
3635,8
3636,4
3637,7
3638,5
3639,1
3640,9
3641,2
3642,1
3643,2
3644,0
3645,3
3646,3
3647,6
3648,9
3649,9
3650,1
3651,2
3652,9
3653,2
3654,5
3655,7
3656,5
3657,6
3658,4
3659,4
3660,1
3661,9
3662,7
3663,4
3664,7
3665,1
3666,7
3667,1
3668,4
3669,6
3670,8
3671,9
3672,3
3673,0
3674,3
3675,3
3676,5
3677,7
3678,3
3679,2
3680,8
3681,4
3682,0
3683,5
3684,2
3685,6
3686,1
3687,4
3688,2
3689,2
3690,2
3691,4
3692,8
3693,6
3694,0
3695,8
3696,9
3697,1
3698,5
3699,2
3700,0
3701,9
3702,1
3703,4
3704,3
3705,7
3706,2
3707,9
3708,8
3709,6
3710,3
3711,0
3712,4
3713,0
3714,1
3715,3
3716,4
3717,9
3718,6
3719,7
3720,1
3721,6
3722,9
3723,8
3724,8
3725,5
3726,3
3727,6
3728,5
3729,3
3730,6
3731,5
3732,5
3733,7
3734,9
3735,6
3736,9
3737,9
3738,6
3739,5
3740,4
3741,4
3742,2
3743,6
3744,1
3745,0
3746,9
3747,4
3748,8
3749,0
3750,6
3751,3
3752,0
3753,9
3754,9
3755,0
3756,1
3757,7
3758,6
3759,6
3760,5
3761,7
3762,7
3763,0
3764,1
3765,3
3766,7
3767,2
3768,6
3769,3
3770,3
3771,2
3772,1
3773,4
3774,6
3775,2
3776,4
3777,5
3778,3
3779,4
3780,1
3781,8
3782,2
3783,7
3784,7
3785,3
3786,5
3787,7
3788,5
3789,8
3790,3
3791,5
3792,3
3793,3
3794,9
3795,7
3796,3
3797,0
3798,1
3799,6
3800,7
3801,9
3802,8
3803,1
3804,6
3805,0
3806,0
3807,3
3808,8
3809,5
3810,1
3811,3
3812,1
3813,3
3814,9
3815,2
3816,0
3817,7
3818,6
3819,7
3820,4
3821,1
3822,2
3823,6
3824,0
3825,9
3826,8
3827,1
3828,8
3829,1
3830,6
3831,9
3832,2
3833,1
3834,1
3835,3
3836,1
3837,3
3838,8
3839,8
3840,5
3841,4
3842,0
3843,1
3844,2
3845,2
3846,8
3847,0
3848,5
3849,0
3850,0
3851,8
3852,4
3853,3
3854,1
3855,2
3856,4
3857,3
3858,1
3859,2
3860,8
3861,6
3862,9
3863,8
3864,3
3865,2
3866,2
3867,6
3868,9
3869,4
3870,3
3871,2
3872,3
3873,8
3874,2
3875,3
3876,5
3877,9
3878,9
3879,7
3880,4
3881,3
3882,5
3883,7
3884,5
3885,2
3886,7
3887,0
3888,7
3889,6
3890,1
3891,2
3892,8
3893,6
3894,2
3895,3
3896,5
3897,1
3898,6
3899,4
3900,1
3901,4
3902,2
3903,9
3904,5
3905,0
3906,9
3907,4
3908,7
3909,9
3910,5
3911,9
3912,0
3913,7
3914,2
3915,9
3916,4
3917,1
3918,6
3919,6
3920,1
3921,0
3922,1
3923,4
3924,3
3925,1
3926,0
3927,4
3928,3
3929,6
3930,2
3931,3
3932,2
3933,2
3934,1
3935,6
3936,3
3937,5
3938,6
3939,1
3940,9
3941,2
3942,6
3943,7
3944,3
3945,0
3946,2
3947,5
3948,1
3949,3
3950,4
3951,9
3952,1
3953,9
3954,2
3955,6
3956,3
3957,7
3958,4
3959,1
3960,1
3961,1
3962,7
3963,7
3964,8
3965,9
3966,9
3967,9
3968,8
3969,5
3970,3
3971,4
3972,9
3973,4
3974,5
3975,3
3976,4
3977,5
3978,4
3979,1
3980,2
3981,2
3982,5
3983,5
3984,8
3985,7
3986,4
3987,0
3988,7
3989,3
3990,9
3991,0
3992,3
3993,8
3994,3
3995,3
3996,5
3997,1
3998,6
3999,5
4000,4
4001,3
4002,4
4003,3
4004,8
4005,0
4006,5
4007,3
4008,3
4009,6
4010,0
4011,9
4012,3
4013,9
4014,0
4015,5
4016,7
4017,8
4018,7
4019,2
4020,8
4021,8
4022,0
4023,6
4024,2
4025,9
4026,4
4027,0
4028,1
4029,3
4030,4
4031,5
4032,0
4033,1
4034,9
4035,1
4036,7
4037,0
4038,1
4039,0
4040,3
4041,0
4042,4
4043,8
4044,8
4045,2
4046,8
4047,7
4048,4
4049,1
4050,0
4051,1
4052,6
4053,3
4054,0
4055,0
4056,7
4057,4
4058,6
4059,8
4060,7
4061,4
4062,3
4063,2
4064,4
4065,7
4066,4
4067,3
4068,5
4069,7
4070,5
4071,6
4072,8
4073,1
4074,9
4075,9
4076,8
4077,1
4078,3
4079,4
4080,2
4081,0
4082,0
4083,9
4084,4
4085,2
4086,8
4087,6
4088,4
4089,5
4090,3
4091,7
4092,7
4093,5
4094,2
4095,9
4096,6
4097,9
4098,8
4099,1
4100,5
4101,7
4102,7
4103,1
4104,0
4105,6
4106,8
4107,8
4108,7
4109,1
4110,0
4111,0
4112,1
4113,8
4114,3
4115,6
4116,4
4117,2
4118,8
4119,1
4120,7
4121,2
4122,6
4123,9
4124,2
4125,7
4126,2
4127,7
4128,9
4129,9
4130,4
4131,1
4132,2
4133,8
4134,0
4135,1
4136,5
4137,3
4138,8
4139,5
4140,9
4141,1
4142,9
4143,2
4144,3
4145,6
4146,7
4147,6
4148,3
4149,7
4150,5
4151,5
4152,3
4153,9
4154,7
4155,6
4156,7
4157,0
4158,9
4159,0
4160,3
4161,2
4162,7
4163,3
4164,0
4165,7
4166,6
4167,1
4168,0
4169,4
4170,4
4171,6
4172,8
4173,6
4174,6
4175,4
4176,4
4177,9
4178,8
4179,3
4180,1
4181,1
4182,1
4183,4
4184,4
4185,5
4186,8
4187,9
4188,5
4189,3
4190,5
4191,5
4192,8
4193,3
4194,6
4195,1
4196,4
4197,4
4198,4
4199,1
4200,8
4201,6
4202,4
4203,9
4204,6
4205,4
4206,5
4207,6
4208,7
4209,7
4210,5
4211,2
4212,5
4213,4
4214,8
4215,0
4216,6
4217,2
4218,0
4219,8
4220,0
4221,0
4222,2
4223,0
4224,0
4225,0
4226,5
4227,1
4228,1
4229,0
4230,4
4231,8
4232,6
4233,1
4234,9
4235,8
4236,3
4237,5
4238,9
4239,4
4240,6
4241,2
4242,5
4243,9
4244,0
4245,2
4246,4
4247,1
4248,5
4249,3
4250,1
4251,9
4252,4
4253,1
4254,3
4255,6
4256,3
4257,8
4258,1
4259,0
4260,8
4261,0
4262,8
4263,9
4264,0
4265,1
4266,2
4267,9
4268,4
4269,4
4270,5
4271,9
4272,5
4273,4
4274,9
4275,6
4276,5
4277,5
4278,2
4279,0
4280,5
4281,7
4282,5
4283,1
4284,0
4285,6
4286,1
4287,8
4288,4
4289,9
4290,4
4291,6
4292,4
4293,4
4294,2
4295,9
4296,7
4297,7
4298,0
4299,2
4300,2
4301,4
4302,5
4303,0
4304,7
4305,0
4306,6
4307,3
4308,1
4309,1
4310,9
4311,5
4312,9
4313,6
4314,0
4315,9
4316,4
4317,0
4318,6
4319,4
4320,9
4321,1
4322,3
4323,1
4324,4
4325,0
4326,7
4327,8
4328,7
4329,5
4330,0
4331,9
4332,5
4333,7
4334,0
4335,7
4336,9
4337,4
4338,8
4339,0
4340,1
4341,2
4342,8
4343,4
4344,1
4345,0
4346,5
4347,2
4348,3
4349,0
4350,7
4351,5
4352,7
4353,6
4354,3
4355,3
4356,9
4357,6
4358,9
4359,5
4360,2
4361,4
4362,0
4363,5
4364,7
4365,3
4366,5
4367,4
4368,0
4369,1
4370,1
4371,2
4372,4
4373,9
4374,8
4375,5
4376,9
4377,3
4378,4
4379,2
4380,6
4381,8
4382,4
4383,3
4384,2
4385,2
4386,4
4387,1
4388,4
4389,4
4390,6
4391,8
4392,9
4393,7
4394,3
4395,9
4396,5
4397,5
4398,0
4399,7
4400,4
4401,9
4402,1
4403,3
4404,8
4405,3
4406,5
4407,6
4408,6
4409,3
4410,3
4411,0
4412,1
4413,5
4414,0
4415,7
4416,4
4417,0
4418,9
4419,8
4420,8
4421,5
4422,7
4423,0
4424,6
4425,0
4426,2
4427,2
4428,9
4429,9
4430,4
4431,7
4432,2
4433,4
4434,1
4435,6
4436,4
4437,8
4438,2
4439,6
4440,2
4441,4
4442,3
4443,8
4444,1
4445,0
4446,9
4447,5
4448,7
4449,3
4450,1
4451,5
4452,0
4453,8
4454,2
4455,4
4456,6
4457,6
4458,3
4459,6
4460,9
4461,5
4462,6
4463,0
4464,7
4465,2
4466,1
4467,0
4468,1
4469,1
4470,6
4471,9
4472,0
4473,4
4474,1
4475,3
4476,3
4477,8
4478,0
4479,7
4480,5
4481,9
4482,6
4483,3
4484,3
4485,8
4486,4
4487,4
4488,3
4489,3
4490,5
4491,9
4492,6
4493,9
4494,0
4495,1
4496,8
4497,8
4498,8
4499,6
4500,4
4501,0
4502,3
4503,0
4504,0
4505,1
4506,8
4507,5
4508,5
4509,9
4510,9
4511,8
4512,5
4513,4
4514,5
4515,2
4516,6
4517,0
4518,0
4519,9
4520,5
4521,4
4522,5
4523,6
4524,8
4525,7
4526,9
4527,1
4528,3
4529,5
4530,3
4531,6
4532,9
4533,7
4534,2
4535,7
4536,2
4537,6
4538,6
4539,0
4540,6
4541,0
4542,1
4543,3
4544,0
4545,8
4546,1
4547,1
4548,7
4549,3
4550,1
4551,8
4552,2
4553,9
4554,9
4555,3
4556,2
4557,1
4558,9
4559,0
4560,4
4561,2
4562,5
4563,1
4564,6
4565,8
4566,6
4567,0
4568,9
4569,6
4570,7
4571,8
4572,3
4573,0
4574,6
4575,9
4576,8
4577,8
4578,8
4579,3
4580,1
4581,5
4582,5
4583,5
4584,5
4585,4
4586,0
4587,2
4588,9
4589,2
4590,4
4591,8
4592,8
4593,6
4594,6
4595,9
4596,1
4597,5
4598,8
4599,3
4600,0
4601,1
4602,0
4603,4
4604,8
4605,1
4606,9
4607,1
4608,0
4609,9
4610,4
4611,3
4612,3
4613,5
4614,7
4615,4
4616,7
4617,1
4618,1
4619,0
4620,2
4621,6
4622,7
4623,8
4624,0
4625,2
4626,2
4627,1
4628,0
4629,1
4630,8
4631,3
4632,3
4633,2
4634,4
4635,9
4636,7
4637,6
4638,1
4639,8
4640,5
4641,7
4642,3
4643,6
4644,4
4645,8
4646,2
4647,5
4648,9
4649,8
4650,5
4651,9
4652,2
4653,3
4654,7
4655,8
4656,1
4657,8
4658,3
4659,0
4660,9
4661,1
4662,1
4663,4
4664,0
4665,6
4666,6
4667,1
4668,3
4669,5
4670,5
4671,5
4672,2
4673,9
4674,7
4675,0
4676,4
4677,1
4678,4
4679,2
4680,9
4681,1
4682,0
4683,2
4684,2
4685,5
4686,2
4687,0
4688,1
4689,1
4690,9
4691,2
4692,3
4693,9
4694,7
4695,2
4696,9
4697,0
4698,1
4699,2
4700,3
4701,0
4702,7
4703,3
4704,6
4705,6
4706,5
4707,9
4708,8
4709,3
4710,0
4711,0
4712,3
4713,0
4714,5
4715,0
4716,3
4717,0
4718,9
4719,9
4720,8
4721,2
4722,9
4723,2
4724,3
4725,5
4726,2
4727,8
4728,5
4729,0
4730,9
4731,9
4732,0
4733,7
4734,9
4735,2
4736,8
4737,1
4738,9
4739,3
4740,7
4741,3
4742,2
4743,1
4744,1
4745,4
4746,7
4747,2
4748,4
4749,1
4750,6
4751,7
4752,6
4753,1
4754,0
4755,0
4756,1
4757,6
4758,7
4759,1
4760,2
4761,7
4762,4
4763,3
4764,9
4765,5
4766,4
4767,2
4768,2
4769,0
4770,0
4771,8
4772,8
4773,5
4774,9
4775,4
4776,4
4777,1
4778,7
4779,3
4780,5
4781,6
4782,0
4783,2
4784,2
4785,6
4786,6
4787,1
4788,7
4789,4
4790,3
4791,1
4792,1
4793,4
4794,3
4795,8
4796,4
4797,4
4798,5
4799,2
4800,6
4801,0
4802,3
4803,5
4804,6
4805,8
4806,5
4807,9
4808,1
4809,1
4810,1
4811,1
4812,0
4813,9
4814,0
4815,1
4816,3
4817,4
4818,2
4819,1
4820,8
4821,6
4822,4
4823,8
4824,2
4825,5
4826,0
4827,7
4828,1
4829,9
4830,3
4831,6
4832,9
4833,0
4834,5
4835,4
4836,3
4837,1
4838,8
4839,3
4840,8
4841,6
4842,2
4843,2
4844,4
4845,7
4846,0
4847,7
4848,0
4849,8
4850,7
4851,2
4852,7
4853,3
4854,3
4855,3
4856,5
4857,7
4858,6
4859,0
4860,6
4861,8
4862,0
4863,1
4864,0
4865,3
4866,0
4867,9
4868,7
4869,9
4870,8
4871,5
4872,2
4873,2
4874,3
4875,1
4876,4
4877,6
4878,0
4879,0
4880,3
4881,3
4882,5
4883,2
4884,5
4885,8
4886,4
4887,8
4888,9
4889,1
4890,9
4891,4
4892,4
4893,9
4894,1
4895,7
4896,2
4897,1
4898,0
4899,7
4900,8
4901,7
4902,6
4903,5
4904,7
4905,7
4906,7
4907,6
4908,3
4909,1
4910,9
4911,6
4912,1
4913,7
4914,4
4915,5
4916,9
4917,6
4918,8
4919,9
4920,8
4921,6
4922,1
4923,9
4924,8
4925,9
4926,7
4927,2
4928,8
4929,0
4930,6
4931,5
4932,6
4933,1
4934,6
4935,8
4936,5
4937,8
4938,3
4939,1
4940,8
4941,7
4942,8
4943,1
4944,2
4945,3
4946,9
4947,7
4948,5
4949,3
4950,6
4951,9
4952,9
4953,1
4954,7
4955,1
4956,2
4957,0
4958,7
4959,1
4960,9
4961,6
4962,5
4963,9
4964,2
4965,3
4966,2
4967,8
4968,7
4969,7
4970,4
4971,1
4972,4
4973,4
4974,3
4975,1
4976,6
4977,1
4978,0
4979,7
4980,9
4981,4
4982,3
4983,0
4984,0
4985,9
4986,3
4987,9
4988,4
4989,7
4990,8
4991,5
4992,7
4993,6
4994,8
4995,2
4996,0
4997,0
4998,9
4999,0
5000,2
5001,9
5002,8
5003,2
5004,4
5005,7
5006,5
5007,9
5008,1
5009,2
5010,3
5011,2
5012,0
5013,6
5014,1
5015,3
5016,2
5017,8
5018,5
5019,4
5020,7
5021,4
5022,1
5023,0
5024,4
5025,3
5026,7
5027,5
5028,0
5029,7
5030,5
5031,9
5032,5
5033,8
5034,0
5035,8
5036,5
5037,6
5038,5
5039,0
5040,8
5041,1
5042,8
5043,6
5044,0
5045,1
5046,3
5047,7
5048,1
5049,4
5050,2
5051,1
5052,2
5053,7
5054,5
5055,6
5056,6
5057,5
5058,9
5059,0
5060,9
5061,5
5062,7
5063,2
5064,6
5065,8
5066,4
5067,2
5068,3
5069,7
5070,4
5071,9
5072,0
5073,8
5074,4
5075,9
5076,3
5077,9
5078,8
5079,4
5080,6
5081,4
5082,7
5083,0
5084,4
5085,3
5086,5
5087,9
5088,9
5089,3
5090,8
5091,2
5092,1
5093,0
5094,3
5095,2
5096,2
5097,5
5098,5
5099,5
5100,5
5101,8
5102,9
5103,0
5104,8
5105,7
5106,6
5107,9
5108,2
5109,5
5110,5
5111,0
5112,2
5113,3
5114,1
5115,2
5116,6
5117,0
5118,8
5119,5
5120,9
5121,2
5122,0
5123,9
5124,1
5125,2
5126,5
5127,2
5128,5
5129,9
5130,3
5131,1
5132,6
5133,1
5134,9
5135,0
5136,5
5137,8
5138,7
5139,3
5140,3
5141,7
5142,5
5143,5
5144,1
5145,7
5146,6
5147,8
5148,9
5149,7
5150,3
5151,1
5152,5
5153,6
5154,8
5155,4
5156,5
5157,1
5158,5
5159,2
5160,9
5161,8
5162,9
5163,9
5164,8
5165,3
5166,1
5167,1
5168,1
5169,1
5170,5
5171,7
5172,1
5173,3
5174,3
5175,5
5176,8
5177,5
5178,8
5179,6
5180,1
5181,9
5182,1
5183,2
5184,5
5185,2
5186,3
5187,3
5188,1
5189,4
5190,9
5191,9
5192,7
5193,1
5194,3
5195,0
5196,2
5197,2
5198,8
5199,9
5200,4
5201,5
5202,7
5203,5
5204,1
5205,9
5206,1
5207,1
5208,4
5209,3
5210,3
5211,0
5212,2
5213,7
5214,6
5215,3
5216,5
5217,3
5218,4
5219,4
5220,4
5221,7
5222,4
5223,3
5224,9
5225,0
5226,3
5227,5
5228,5
5229,5
5230,1
5231,1
5232,3
5233,3
5234,1
5235,9
5236,8
5237,8
5238,1
5239,0
5240,8
5241,6
5242,9
5243,7
5244,5
5245,4
5246,3
5247,1
5248,6
5249,9
5250,8
5251,6
5252,2
5253,9
5254,9
5255,3
5256,3
5257,4
5258,0
5259,2
5260,5
5261,7
5262,3
5263,5
5264,8
5265,4
5266,4
5267,4
5268,2
5269,2
5270,1
5271,8
5272,7
5273,2
5274,6
5275,1
5276,0
5277,3
5278,7
5279,8
5280,3
5281,7
5282,2
5283,8
5284,7
5285,8
5286,9
5287,7
5288,5
5289,5
5290,8
5291,6
5292,6
5293,5
5294,5
5295,7
5296,8
5297,3
5298,8
5299,8
5300,0
5301,4
5302,1
5303,9
5304,1
5305,2
5306,2
5307,0
5308,1
5309,8
5310,8
5311,7
5312,9
5313,6
5314,6
5315,6
5316,7
5317,8
5318,9
5319,9
5320,4
5321,7
5322,3
5323,3
5324,9
5325,7
5326,6
5327,8
5328,6
5329,9
5330,2
5331,1
5332,6
5333,5
5334,4
5335,2
5336,4
5337,0
5338,3
5339,9
5340,9
5341,1
5342,0
5343,2
5344,7
5345,3
5346,1
5347,8
5348,6
5349,0
5350,9
5351,1
5352,8
5353,8
5354,3
5355,5
5356,4
5357,5
5358,1
5359,2
5360,6
5361,1
5362,9
5363,2
5364,2
5365,3
5366,1
5367,5
5368,1
5369,0
5370,0
5371,5
5372,9
5373,2
5374,6
5375,5
5376,8
5377,5
5378,2
5379,7
5380,8
5381,3
5382,1
5383,0
5384,8
5385,0
5386,6
5387,2
5388,9
5389,3
5390,7
5391,6
5392,5
5393,5
5394,2
5395,0
5396,7
5397,1
5398,7
5399,3
5400,1
5401,6
5402,4
5403,1
5404,0
5405,1
5406,1
5407,3
5408,9
5409,8
5410,2
5411,3
5412,1
5413,5
5414,5
5415,0
5416,3
5417,3
5418,5
5419,7
5420,0
5421,7
5422,7
5423,8
5424,2
5425,7
5426,3
5427,6
5428,6
5429,3
5430,3
5431,5
5432,2
5433,1
5434,8
5435,7
5436,9
5437,4
5438,2
5439,2
5440,1
5441,0
5442,1
5443,9
5444,5
5445,4
5446,1
5447,5
5448,8
5449,7
5450,1
5451,0
5452,0
5453,4
5454,0
5455,8
5456,6
5457,9
5458,6
5459,1
5460,1
5461,1
5462,5
5463,4
5464,8
5465,2
5466,9
5467,3
5468,2
5469,9
5470,2
5471,7
5472,0
5473,2
5474,4
5475,1
5476,2
5477,2
5478,2
5479,8
5480,4
5481,3
5482,4
5483,2
5484,0
5485,7
5486,0
5487,6
5488,1
5489,2
5490,4
5491,3
5492,4
5493,8
5494,4
5495,1
5496,5
5497,4
5498,9
5499,4
5500,7
5501,3
5502,4
5503,9
5504,1
5505,7
5506,7
5507,7
5508,3
5509,6
5510,0
5511,6
5512,3
5513,1
5514,7
5515,6
5516,2
5517,9
5518,4
5519,3
5520,2
5521,0
5522,9
5523,9
5524,5
5525,1
5526,2
5527,7
5528,1
5529,9
5530,3
5531,1
5532,4
5533,9
5534,1
5535,2
5536,4
5537,3
5538,7
5539,8
5540,0
5541,2
5542,6
5543,2
5544,9
5545,1
5546,2
5547,3
5548,8
5549,5
5550,9
5551,3
5552,1
5553,7
5554,1
5555,9
5556,4
5557,6
5558,5
5559,9
5560,8
5561,5
5562,1
5563,7
5564,2
5565,1
5566,3
5567,4
5568,5
5569,0
5570,6
5571,3
5572,2
5573,8
5574,9
5575,0
5576,7
5577,0
5578,3
5579,5
5580,3
5581,3
5582,7
5583,4
5584,9
5585,7
5586,0
5587,5
5588,3
5589,3
5590,7
5591,5
5592,3
5593,9
5594,5
5595,6
5596,7
5597,3
5598,5
5599,8
5600,8
5601,7
5602,4
5603,0
5604,9
5605,1
5606,3
5607,5
5608,8
5609,9
5610,1
5611,1
5612,7
5613,5
5614,1
5615,2
5616,3
5617,5
5618,2
5619,6
5620,3
5621,4
5622,3
5623,9
5624,7
5625,6
5626,5
5627,4
5628,3
5629,0
5630,9
5631,4
5632,5
5633,2
5634,7
5635,9
5636,1
5637,0
5638,9
5639,1
5640,9
5641,5
5642,2
5643,7
5644,7
5645,6
5646,0
5647,5
5648,5
5649,8
5650,2
5651,8
5652,5
5653,4
5654,0
5655,5
5656,7
5657,6
5658,0
5659,3
5660,9
5661,2
5662,1
5663,2
5664,9
5665,6
5666,0
5667,6
5668,0
5669,5
5670,3
5671,3
5672,5
5673,0
5674,5
5675,1
5676,2
5677,3
5678,3
5679,1
5680,8
5681,2
5682,6
5683,2
5684,8
5685,6
5686,3
5687,2
5688,9
5689,5
5690,2
5691,7
5692,6
5693,9
5694,7
5695,8
5696,4
5697,1
5698,5
5699,9
5700,1
5701,4
5702,1
5703,8
5704,8
5705,2
5706,8
5707,3
5708,5
5709,4
5710,6
5711,4
5712,3
5713,7
5714,7
5715,8
5716,1
5717,5
5718,1
5719,2
5720,6
5721,4
5722,8
5723,7
5724,3
5725,4
5726,8
5727,4
5728,0
5729,9
5730,6
5731,5
5732,7
5733,3
5734,2
5735,3
5736,4
5737,5
5738,2
5739,8
5740,7
5741,0
5742,0
5743,1
5744,2
5745,4
5746,4
5747,4
5748,4
5749,4
5750,8
5751,0
5752,0
5753,8
5754,1
5755,3
5756,3
5757,1
5758,9
5759,0
5760,6
5761,2
5762,9
5763,2
5764,4
5765,1
5766,9
5767,8
5768,9
5769,1
5770,1
5771,1
5772,7
5773,2
5774,4
5775,4
5776,8
5777,3
5778,3
5779,4
5780,6
5781,8
5782,9
5783,2
5784,6
5785,1
5786,9
5787,8
5788,3
5789,9
5790,8
5791,2
5792,5
5793,3
5794,2
5795,6
5796,1
5797,0
5798,6
5799,5
5800,9
5801,6
5802,6
5803,8
5804,7
5805,2
5806,3
5807,0
5808,7
5809,1
5810,4
5811,8
5812,2
5813,1
5814,9
5815,1
5816,0
5817,2
5818,7
5819,2
5820,7
5821,0
5822,1
5823,4
5824,3
5825,6
5826,6
5827,1
5828,2
5829,3
5830,1
5831,0
5832,1
5833,6
5834,7
5835,8
5836,5
5837,1
5838,9
5839,6
5840,1
5841,4
5842,4
5843,3
5844,2
5845,8
5846,0
5847,7
5848,4
5849,8
5850,9
5851,6
5852,8
5853,9
5854,6
5855,5
5856,1
5857,3
5858,1
5859,9
5860,2
5861,9
5862,0
5863,3
5864,9
5865,0
5866,0
5867,6
5868,1
5869,6
5870,7
5871,6
5872,4
5873,6
5874,8
5875,3
5876,8
5877,7
5878,3
5879,9
5880,9
5881,5
5882,9
5883,1
5884,0
5885,7
5886,0
5887,3
5888,7
5889,2
5890,0
5891,5
5892,5
5893,4
5894,0
5895,6
5896,9
5897,0
5898,6
5899,1
5900,0
5901,7
5902,6
5903,2
5904,5
5905,8
5906,2
5907,8
5908,4
5909,4
5910,8
5911,3
5912,5
5913,9
5914,6
5915,9
5916,2
5917,5
5918,9
5919,5
5920,2
5921,9
5922,6
5923,5
5924,3
5925,1
5926,8
5927,6
5928,7
5929,9
5930,0
5931,3
5932,9
5933,2
5934,7
5935,2
5936,9
5937,4
5938,4
5939,2
5940,3
5941,0
5942,3
5943,4
5944,6
5945,0
5946,5
5947,1
5948,9
5949,8
5950,9
5951,2
5952,4
5953,1
5954,4
5955,8
5956,2
5957,0
5958,8
5959,8
5960,1
5961,7
5962,7
5963,1
5964,5
5965,3
5966,5
5967,1
5968,4
5969,9
5970,6
5971,7
5972,4
5973,3
5974,6
5975,3
5976,2
5977,0
5978,9
5979,8
5980,1
5981,6
5982,2
5983,9
5984,0
5985,3
5986,8
5987,3
5988,2
5989,1
5990,2
5991,7
5992,4
5993,0
5994,0
5995,9
5996,4
5997,1
5998,6
5999,4
6000,3
6001,8
6002,9
6003,5
6004,8
6005,1
6006,6
6007,8
6008,5
6009,1
6010,9
6011,8
6012,9
6013,5
6014,9
6015,5
6016,3
6017,0
6018,0
6019,2
6020,3
6021,8
6022,6
6023,6
6024,2
6025,4
6026,7
6027,3
6028,7
6029,9
6030,2
6031,8
6032,5
6033,9
6034,1
6035,2
6036,0
6037,7
6038,8
6039,5
6040,5
6041,4
6042,5
6043,8
6044,8
6045,7
6046,8
6047,7
6048,2
6049,0
6050,9
6051,3
6052,4
6053,3
6054,0
6055,9
6056,4
6057,9
6058,8
6059,6
6060,0
6061,6
6062,2
6063,6
6064,4
6065,3
6066,6
6067,1
6068,1
6069,2
6070,9
6071,1
6072,5
6073,1
6074,6
6075,2
6076,7
6077,5
6078,7
6079,0
6080,6
6081,3
6082,0
6083,3
6084,0
6085,8
6086,7
6087,5
6088,2
6089,6
6090,3
6091,0
6092,8
6093,2
6094,4
6095,7
6096,2
6097,4
6098,9
6099,4
6100,9
6101,9
6102,8
6103,5
6104,8
6105,3
6106,4
6107,0
6108,2
6109,7
6110,7
6111,9
6112,0
6113,7
6114,4
6115,0
6116,4
6117,8
6118,1
6119,1
6120,3
6121,7
6122,1
6123,0
6124,5
6125,9
6126,8
6127,4
6128,4
6129,7
6130,2
6131,1
6132,3
6133,8
6134,8
6135,8
6136,8
6137,5
6138,4
6139,8
6140,4
6141,2
6142,6
6143,4
6144,7
6145,2
6146,6
6147,2
6148,0
6149,4
6150,3
6151,3
6152,6
6153,1
6154,7
6155,4
6156,2
6157,9
6158,2
6159,1
6160,6
6161,0
6162,6
6163,6
6164,4
6165,6
6166,9
6167,9
6168,5
6169,0
6170,3
6171,0
6172,9
6173,4
6174,4
6175,3
6176,1
6177,2
6178,3
6179,8
6180,8
6181,0
6182,0
6183,2
6184,9
6185,0
6186,7
6187,6
6188,4
6189,9
6190,9
6191,7
6192,4
6193,4
6194,6
6195,7
6196,1
6197,9
6198,8
6199,0
6200,3
6201,0
6202,2
6203,5
6204,1
6205,7
6206,4
6207,0
6208,7
6209,8
6210,1
6211,1
6212,4
6213,4
6214,2
6215,2
6216,6
6217,0
6218,1
6219,7
6220,8
6221,5
6222,0
6223,8
6224,4
6225,1
6226,7
6227,9
6228,4
6229,8
6230,6
6231,3
6232,8
6233,6
6234,2
6235,3
6236,5
6237,0
6238,0
6239,9
6240,8
6241,6
6242,1
6243,9
6244,4
6245,2
6246,6
6247,0
6248,0
6249,5
6250,4
6251,3
6252,8
6253,6
6254,7
6255,0
6256,9
6257,1
6258,2
6259,9
6260,8
6261,6
6262,7
6263,0
6264,6
6265,2
6266,0
6267,7
6268,1
6269,8
6270,6
6271,6
6272,2
6273,9
6274,7
6275,3
6276,2
6277,5
6278,2
6279,0
6280,8
6281,3
6282,4
6283,4
6284,0
6285,9
6286,0
6287,3
6288,8
6289,7
6290,1
6291,5
6292,6
6293,2
6294,9
6295,5
6296,1
6297,3
6298,8
6299,3
6300,8
6301,4
6302,9
6303,1
6304,2
6305,2
6306,3
6307,4
6308,6
6309,7
6310,8
6311,1
6312,1
6313,4
6314,9
6315,7
6316,9
6317,8
6318,3
6319,3
6320,6
6321,2
6322,9
6323,4
6324,0
6325,6
6326,8
6327,4
6328,8
6329,7
6330,3
6331,7
6332,6
6333,5
6334,3
6335,9
6336,3
6337,2
6338,2
6339,4
6340,1
6341,4
6342,5
6343,2
6344,2
6345,5
6346,3
6347,1
6348,6
6349,4
6350,2
6351,3
6352,1
6353,0
6354,6
6355,0
6356,2
6357,5
6358,0
6359,7
6360,4
6361,5
6362,0
6363,0
6364,8
6365,1
6366,2
6367,4
6368,3
6369,0
6370,9
6371,2
6372,8
6373,3
6374,9
6375,0
6376,2
6377,1
6378,4
6379,1
6380,9
6381,3
6382,3
6383,8
6384,6
6385,2
6386,0
6387,1
6388,3
6389,4
6390,9
6391,9
6392,7
6393,7
6394,2
6395,8
6396,1
6397,6
6398,4
6399,1
6400,7
6401,8
6402,7
6403,4
6404,5
6405,3
6406,5
6407,1
6408,1
6409,5
6410,0
6411,5
6412,5
6413,4
6414,1
6415,1
6416,5
6417,7
6418,9
6419,1
6420,0
6421,9
6422,9
6423,2
6424,2
6425,2
6426,6
6427,0
6428,4
6429,8
6430,1
6431,7
6432,0
6433,6
6434,1
6435,5
6436,8
6437,2
6438,2
6439,3
6440,9
6441,6
6442,1
6443,0
6444,2
6445,4
6446,5
6447,6
6448,8
6449,2
6450,8
6451,0
6452,2
6453,6
6454,3
6455,6
6456,4
6457,9
6458,8
6459,6
6460,8
6461,2
6462,3
6463,5
6464,3
6465,0
6466,7
6467,1
6468,0
6469,7
6470,5
6471,9
6472,9
6473,5
6474,7
6475,2
6476,8
6477,9
6478,7
6479,0
6480,0
6481,4
6482,9
6483,3
6484,6
6485,1
6486,1
6487,7
6488,0
6489,9
6490,8
6491,7
6492,2
6493,2
6494,9
6495,1
6496,0
6497,0
6498,0
6499,3
6500,1
6501,8
6502,1
6503,3
6504,4
6505,4
6506,6
6507,4
6508,6
6509,6
6510,6
6511,7
6512,4
6513,9
6514,1
6515,6
6516,5
6517,8
6518,2
6519,2
6520,5
6521,8
6522,5
6523,2
6524,3
6525,9
6526,4
6527,8
6528,1
6529,8
6530,4
6531,8
6532,6
6533,9
6534,9
6535,4
6536,9
6537,2
6538,2
6539,6
6540,4
6541,5
6542,0
6543,2
6544,6
6545,8
6546,0
6547,8
6548,5
6549,3
6550,1
6551,8
6552,1
6553,5
6554,2
6555,9
6556,0
6557,9
6558,4
6559,8
6560,4
6561,6
6562,2
6563,5
6564,6
6565,1
6566,7
6567,4
6568,7
6569,1
6570,7
6571,9
6572,5
6573,2
6574,8
6575,7
6576,3
6577,1
6578,9
6579,8
6580,6
6581,6
6582,9
6583,6
6584,5
6585,4
6586,4
6587,2
6588,6
6589,7
6590,4
6591,4
6592,9
6593,3
6594,8
6595,1
6596,5
6597,6
6598,3
6599,8
6600,2
6601,1
6602,6
6603,8
6604,8
6605,1
6606,8
6607,1
6608,4
6609,9
6610,0
6611,1
6612,1
6613,8
6614,2
6615,7
6616,7
6617,6
6618,2
6619,6
6620,1
6621,0
6622,6
6623,3
6624,3
6625,2
6626,0
6627,9
6628,7
6629,4
6630,0
6631,9
6632,0
6633,0
6634,1
6635,3
6636,8
6637,3
6638,7
6639,4
6640,6
6641,3
6642,6
6643,8
6644,2
6645,3
6646,0
6647,8
6648,2
6649,0
6650,8
6651,2
6652,9
6653,5
6654,4
6655,0
6656,6
6657,7
6658,1
6659,7
6660,1
6661,3
6662,4
6663,9
6664,1
6665,3
6666,9
6667,9
6668,8
6669,0
6670,9
6671,9
6672,8
6673,3
6674,0
6675,4
6676,6
6677,0
6678,4
6679,4
6680,7
6681,8
6682,6
6683,0
6684,7
6685,6
6686,8
6687,2
6688,6
6689,2
6690,0
6691,2
6692,6
6693,5
6694,2
6695,4
6696,0
6697,0
6698,7
6699,9
6700,2
6701,2
6702,8
6703,8
6704,6
6705,1
6706,1
6707,3
6708,2
6709,8
6710,7
6711,6
6712,0
6713,1
6714,1
6715,3
6716,2
6717,1
6718,9
6719,1
6720,0
6721,9
6722,6
6723,5
6724,6
6725,1
6726,1
6727,7
6728,8
6729,3
6730,3
6731,1
6732,9
6733,2
6734,8
6735,5
6736,3
6737,9
6738,5
6739,7
6740,7
6741,0
6742,3
6743,1
6744,1
6745,5
6746,4
6747,5
6748,3
6749,4
6750,1
6751,6
6752,4
6753,8
6754,9
6755,9
6756,8
6757,0
6758,6
6759,7
6760,5
6761,4
6762,9
6763,3
6764,7
6765,9
6766,1
6767,3
6768,8
6769,9
6770,1
6771,6
6772,4
6773,1
6774,1
6775,0
6776,6
6777,8
6778,5
6779,0
6780,8
6781,4
6782,8
6783,7
6784,7
6785,6
6786,8
6787,7
6788,3
6789,7
6790,8
6791,6
6792,1
6793,1
6794,5
6795,8
6796,9
6797,2
6798,8
6799,8
6800,3
6801,2
6802,0
6803,8
6804,0
6805,6
6806,4
6807,3
6808,5
6809,0
6810,8
6811,8
6812,0
6813,3
6814,6
6815,2
6816,4
6817,6
6818,6
6819,3
6820,6
6821,9
6822,7
6823,8
6824,7
6825,2
6826,1
6827,9
6828,3
6829,7
6830,2
6831,2
6832,2
6833,7
6834,9
6835,8
6836,0
6837,8
6838,1
6839,4
6840,5
6841,2
6842,4
6843,9
6844,2
6845,4
6846,7
6847,4
6848,4
6849,8
6850,8
6851,4
6852,0
6853,6
6854,0
6855,0
6856,9
6857,1
6858,0
6859,4
6860,9
6861,1
6862,4
6863,5
6864,1
6865,9
6866,0
6867,4
6868,3
6869,4
6870,5
6871,9
6872,3
6873,2
6874,1
6875,6
6876,0
6877,9
6878,1
6879,3
6880,5
6881,2
6882,1
6883,3
6884,3
6885,4
6886,9
6887,4
6888,1
6889,8
6890,9
6891,2
6892,7
6893,8
6894,4
6895,8
6896,3
6897,7
6898,9
6899,8
6900,5
6901,8
6902,7
6903,7
6904,3
6905,8
6906,9
6907,8
6908,5
6909,2
6910,4
6911,7
6912,4
6913,3
6914,1
6915,3
6916,6
6917,0
6918,0
6919,8
6920,4
6921,5
6922,7
6923,7
6924,4
6925,1
6926,6
6927,3
6928,8
6929,5
6930,5
6931,1
6932,1
6933,1
6934,1
6935,0
6936,9
6937,1
6938,7
6939,0
6940,1
6941,9
6942,5
6943,0
6944,9
6945,8
6946,2
6947,7
6948,4
6949,3
6950,1
6951,9
6952,2
6953,2
6954,7
6955,8
6956,4
6957,0
6958,8
6959,0
6960,8
6961,5
6962,3
6963,6
6964,3
6965,4
6966,1
6967,3
6968,7
6969,3
6970,9
6971,4
6972,6
6973,6
6974,5
6975,1
6976,3
6977,6
6978,7
6979,6
6980,3
6981,4
6982,8
6983,8
6984,2
6985,2
6986,4
6987,5
6988,9
6989,0
6990,8
6991,1
6992,3
6993,8
6994,6
6995,3
6996,1
6997,7
6998,1
6999,7
7000,3
7001,9
7002,0
7003,3
7004,9
7005,3
7006,9
7007,3
7008,0
7009,1
7010,3
7011,5
7012,8
7013,4
7014,3
7015,9
7016,3
7017,1
7018,5
7019,7
7020,1
7021,4
7022,8
7023,1
7024,3
7025,7
7026,7
7027,2
7028,5
7029,7
7030,9
7031,3
7032,7
7033,9
7034,5
7035,2
7036,2
7037,5
7038,0
7039,0
7040,9
7041,5
7042,9
7043,0
7044,3
7045,6
7046,3
7047,6
7048,9
7049,7
7050,6
7051,7
7052,6
7053,4
7054,2
7055,8
7056,4
7057,9
7058,5
7059,3
7060,0
7061,3
7062,2
7063,2
7064,1
7065,0
7066,6
7067,1
7068,1
7069,8
7070,5
7071,3
7072,2
7073,3
7074,9
7075,2
7076,6
7077,4
7078,1
7079,9
7080,0
7081,9
7082,4
7083,9
7084,5
7085,8
7086,8
7087,7
7088,0
7089,9
7090,5
7091,3
7092,6
7093,6
7094,5
7095,7
7096,1
7097,8
7098,2
7099,3
7100,5
7101,8
7102,5
7103,4
7104,0
7105,5
7106,3
7107,5
7108,1
7109,5
7110,3
7111,7
7112,9
7113,2
7114,4
7115,8
7116,7
7117,1
7118,9
7119,1
7120,0
7121,9
7122,0
7123,5
7124,0
7125,4
7126,2
7127,0
7128,3
7129,1
7130,3
7131,0
7132,6
7133,5
7134,5
7135,1
7136,7
7137,2
7138,6
7139,6
7140,0
7141,4
7142,1
7143,5
7144,9
7145,7
7146,5
7147,4
7148,9
7149,2
7150,8
7151,6
7152,5
7153,1
7154,4
7155,0
7156,4
7157,0
7158,5
7159,3
7160,3
7161,4
7162,5
7163,0
7164,3
7165,3
7166,5
7167,0
7168,4
7169,5
7170,8
7171,2
7172,0
7173,0
7174,4
7175,4
7176,3
7177,3
7178,1
7179,5
7180,8
7181,1
7182,6
7183,0
7184,6
7185,7
7186,1
7187,2
7188,9
7189,1
7190,2
7191,4
7192,6
7193,9
7194,5
7195,2
7196,1
7197,0
7198,6
7199,5
7200,0
7201,4
7202,2
7203,9
7204,1
7205,4
7206,7
7207,7
7208,7
7209,0
7210,9
7211,4
7212,1
7213,5
7214,0
7215,8
7216,8
7217,3
7218,1
7219,0
7220,0
7221,4
7222,8
7223,9
7224,1
7225,7
7226,5
7227,5
7228,0
7229,8
7230,1
7231,4
7232,0
7233,9
7234,3
7235,4
7236,0
7237,7
7238,5
7239,9
7240,4
7241,8
7242,6
7243,1
7244,5
7245,4
7246,7
7247,7
7248,0
7249,7
7250,8
7251,6
7252,2
7253,6
7254,8
7255,1
7256,5
7257,6
7258,1
7259,4
7260,9
7261,8
7262,3
7263,1
7264,0
7265,3
7266,1
7267,3
7268,2
7269,7
7270,8
7271,3
7272,0
7273,2
7274,6
7275,2
7276,4
7277,5
7278,9
7279,7
7280,9
7281,7
7282,9
7283,0
7284,6
7285,8
7286,6
7287,1
7288,0
7289,7
7290,9
7291,4
7292,7
7293,0
7294,9
7295,6
7296,7
7297,5
7298,0
7299,2
7300,8
7301,7
7302,5
7303,6
7304,9
7305,9
7306,7
7307,0
7308,9
7309,8
7310,4
7311,2
7312,3
7313,5
7314,6
7315,2
7316,9
7317,0
7318,5
7319,1
7320,2
7321,6
7322,1
7323,1
7324,2
7325,1
7326,4
7327,9
7328,0
7329,6
7330,0
7331,3
7332,2
7333,3
7334,5
7335,2
7336,7
7337,1
7338,2
7339,2
7340,7
7341,5
7342,8
7343,8
7344,8
7345,4
7346,7
7347,5
7348,0
7349,1
7350,5
7351,8
7352,1
7353,3
7354,2
7355,5
7356,4
7357,6
7358,8
7359,1
7360,8
7361,2
7362,0
7363,3
7364,3
7365,2
7366,9
7367,6
7368,6
7369,9
7370,9
7371,0
7372,0
7373,1
7374,2
7375,0
7376,0
7377,8
7378,0
7379,6
7380,9
7381,7
7382,1
7383,8
7384,7
7385,1
7386,6
7387,3
7388,2
7389,1
7390,4
7391,7
7392,1
7393,4
7394,7
7395,7
7396,1
7397,2
7398,5
7399,7
7400,4
7401,6
7402,5
7403,0
7404,6
7405,6
7406,1
7407,7
7408,4
7409,1
7410,2
7411,5
7412,5
7413,8
7414,9
7415,0
7416,6
7417,5
7418,0
7419,9
7420,0
7421,0
7422,1
7423,4
7424,7
7425,7
7426,6
7427,5
7428,5
7429,2
7430,9
7431,3
7432,6
7433,5
7434,2
7435,6
7436,5
7437,8
7438,8
7439,1
7440,7
7441,7
7442,0
7443,2
7444,0
7445,3
7446,9
7447,0
7448,8
7449,0
7450,9
7451,6
7452,9
7453,3
7454,7
7455,5
7456,2
7457,0
7458,6
7459,1
7460,6
7461,3
7462,4
7463,2
7464,4
7465,3
7466,3
7467,6
7468,5
7469,6
7470,1
7471,4
7472,6
7473,7
7474,6
7475,7
7476,6
7477,3
7478,0
7479,9
7480,0
7481,0
7482,3
7483,3
7484,1
7485,7
7486,6
7487,9
7488,9
7489,2
7490,8
7491,6
7492,2
7493,7
7494,6
7495,9
7496,8
7497,6
7498,9
7499,5
7500,4
7501,9
7502,2
7503,1
7504,2
7505,0
7506,8
7507,9
7508,5
7509,7
7510,0
7511,6
7512,6
7513,5
7514,2
7515,3
7516,3
7517,4
7518,7
7519,3
7520,4
7521,6
7522,4
7523,1
7524,1
7525,4
7526,0
7527,1
7528,7
7529,4
7530,2
7531,7
7532,5
7533,1
7534,2
7535,2
7536,1
7537,0
7538,9
7539,2
7540,3
7541,2
7542,5
7543,8
7544,7
7545,4
7546,4
7547,6
7548,2
7549,7
7550,4
7551,9
7552,9
7553,6
7554,0
7555,6
7556,2
7557,2
7558,3
7559,5
7560,6
7561,8
7562,0
7563,5
7564,4
7565,5
7566,1
7567,0
7568,4
7569,5
7570,1
7571,4
7572,7
7573,3
7574,1
7575,3
7576,3
7577,3
7578,1
7579,1
7580,0
7581,8
7582,7
7583,8
7584,4
7585,1
7586,6
7587,5
7588,9
7589,1
7590,9
7591,7
7592,7
7593,3
7594,6
7595,7
7596,3
7597,5
7598,4
7599,7
7600,3
7601,1
7602,6
7603,1
7604,9
7605,0
7606,6
7607,7
7608,7
7609,8
7610,2
7611,9
7612,3
7613,5
7614,3
7615,0
7616,2
7617,9
7618,4
7619,0
7620,8
7621,4
7622,0
7623,6
7624,7
7625,5
7626,2
7627,5
7628,1
7629,1
7630,9
7631,0
7632,7
7633,8
7634,8
7635,0
7636,9
7637,8
7638,7
7639,9
7640,3
7641,7
7642,3
7643,2
7644,4
7645,9
7646,4
7647,9
7648,0
7649,8
7650,1
7651,9
7652,5
7653,5
7654,2
7655,1
7656,2
7657,7
7658,7
7659,6
7660,4
7661,9
7662,9
7663,8
7664,5
7665,2
7666,3
7667,7
7668,2
7669,8
7670,0
7671,4
7672,0
7673,6
7674,6
7675,2
7676,5
7677,6
7678,5
7679,2
7680,0
7681,4
7682,1
7683,6
7684,2
7685,8
7686,2
7687,0
7688,2
7689,8
7690,4
7691,9
7692,0
7693,7
7694,8
7695,6
7696,3
7697,2
7698,4
7699,9
7700,5
7701,8
7702,1
7703,1
7704,3
7705,6
7706,2
7707,6
7708,5
7709,2
7710,6
7711,6
7712,8
7713,3
7714,4
7715,2
7716,4
7717,1
7718,9
7719,9
7720,5
7721,1
7722,1
7723,1
7724,9
7725,8
7726,8
7727,1
7728,1
7729,8
7730,5
7731,0
7732,4
7733,8
7734,5
7735,6
7736,6
7737,2
7738,7
7739,4
7740,0
7741,2
7742,9
7743,7
7744,7
7745,7
7746,2
7747,4
7748,8
7749,4
7750,7
7751,4
7752,4
7753,0
7754,7
7755,8
7756,1
7757,1
7758,4
7759,9
7760,5
7761,4
7762,8
7763,6
7764,0
7765,0
7766,5
7767,0
7768,1
7769,6
7770,1
7771,9
7772,9
7773,7
7774,7
7775,7
7776,8
7777,0
7778,8
7779,0
7780,0
7781,7
7782,3
7783,7
7784,0
7785,6
7786,2
7787,9
7788,1
7789,3
7790,5
7791,7
7792,3
7793,9
7794,7
7795,2
7796,6
7797,1
7798,9
7799,6
7800,1
7801,2
7802,1
7803,6
7804,2
7805,9
7806,1
7807,4
7808,0
7809,6
7810,6
7811,2
7812,1
7813,1
7814,3
7815,3
7816,8
7817,2
7818,5
7819,7
7820,1
7821,5
7822,4
7823,2
7824,2
7825,7
7826,4
7827,4
7828,9
7829,9
7830,4
7831,1
7832,4
7833,8
7834,6
7835,9
7836,0
7837,6
7838,2
7839,8
7840,7
7841,4
7842,7
7843,7
7844,2
7845,3
7846,2
7847,9
7848,6
7849,2
7850,2
7851,8
7852,9
7853,0
7854,3
7855,1
7856,4
7857,4
7858,6
7859,2
7860,2
7861,9
7862,2
7863,5
7864,0
7865,8
7866,5
7867,9
7868,0
7869,2
7870,8
7871,3
7872,6
7873,3
7874,5
7875,0
7876,2
7877,1
7878,3
7879,9
7880,7
7881,8
7882,3
7883,7
7884,0
7885,9
7886,4
7887,6
7888,3
7889,2
7890,0
7891,6
7892,4
7893,5
7894,8
7895,4
7896,7
7897,1
7898,9
7899,7
7900,8
7901,8
7902,9
7903,5
7904,0
7905,3
7906,6
7907,8
7908,2
7909,2
7910,1
7911,6
7912,2
7913,7
7914,5
7915,8
7916,3
7917,6
7918,8
7919,1
7920,9
7921,4
7922,6
7923,4
7924,6
7925,9
7926,1
7927,6
7928,8
7929,4
7930,2
7931,4
7932,3
7933,5
7934,1
7935,3
7936,0
7937,2
7938,1
7939,4
7940,7
7941,6
7942,0
7943,8
7944,2
7945,1
7946,1
7947,7
7948,2
7949,5
7950,5
7951,3
7952,0
7953,2
7954,5
7955,4
7956,3
7957,4
7958,5
7959,2
7960,2
7961,3
7962,6
7963,1
7964,3
7965,3
7966,6
7967,7
7968,1
7969,9
7970,6
7971,5
7972,5
7973,5
7974,3
7975,6
7976,8
7977,8
7978,1
7979,6
7980,9
7981,2
7982,7
7983,1
7984,8
7985,7
7986,6
7987,5
7988,1
7989,3
7990,3
7991,6
7992,0
7993,2
7994,0
7995,0
7996,7
7997,8
7998,2
7999,8
8000,7
8001,4
8002,4
8003,4
8004,8
8005,5
8006,6
8007,9
8008,5
8009,9
8010,8
8011,2
8012,2
8013,1
8014,5
8015,2
8016,4
8017,3
8018,8
8019,1
8020,3
8021,4
8022,6
8023,0
8024,0
8025,0
8026,3
8027,7
8028,1
8029,4
8030,9
8031,1
8032,0
8033,8
8034,2
8035,2
8036,5
8037,4
8038,3
8039,6
8040,9
8041,1
8042,6
8043,1
8044,0
8045,0
8046,6
8047,0
8048,6
8049,8
8050,3
8051,0
8052,5
8053,7
8054,0
8055,5
8056,6
8057,3
8058,8
8059,2
8060,3
8061,0
8062,7
8063,3
8064,9
8065,9
8066,4
8067,9
8068,9
8069,7
8070,1
8071,9
8072,1
8073,3
8074,3
8075,8
8076,7
8077,4
8078,9
8079,9
8080,5
8081,5
8082,8
8083,2
8084,4
8085,4
8086,7
8087,3
8088,3
8089,9
8090,7
8091,3
8092,1
8093,3
8094,1
8095,7
8096,3
8097,1
8098,4
8099,1
8100,0
8101,4
8102,5
8103,2
8104,8
8105,4
8106,5
8107,1
8108,7
8109,7
8110,6
8111,5
8112,4
8113,1
8114,9
8115,1
8116,9
8117,5
8118,6
8119,6
8120,3
8121,2
8122,4
8123,5
8124,2
8125,8
8126,0
8127,5
8128,0
8129,0
8130,3
8131,6
8132,7
8133,6
8134,1
8135,7
8136,3
8137,4
8138,5
8139,9
8140,7
8141,8
8142,1
8143,5
8144,3
8145,1
8146,4
8147,3
8148,5
8149,3
8150,0
8151,6
8152,9
8153,4
8154,9
8155,8
8156,6
8157,2
8158,9
8159,2
8160,3
8161,7
8162,4
8163,5
8164,8
8165,8
8166,1
8167,6
8168,3
8169,3
8170,7
8171,2
8172,1
8173,0
8174,3
8175,0
8176,9
8177,5
8178,8
8179,1
8180,0
8181,2
8182,9
8183,9
8184,7
8185,7
8186,7
8187,9
8188,1
8189,3
8190,5
8191,7
8192,6
8193,3
8194,1
8195,2
8196,7
8197,7
8198,7
8199,7
8200,7
8201,3
8202,7
8203,7
8204,4
8205,9
8206,1
8207,8
8208,5
8209,2
8210,6
8211,3
8212,3
8213,8
8214,1
8215,7
8216,4
8217,6
8218,6
8219,4
8220,2
8221,5
8222,6
8223,0
8224,5
8225,1
8226,4
8227,8
8228,2
8229,1
8230,9
8231,0
8232,1
8233,9
8234,7
8235,1
8236,5
8237,4
8238,1
8239,1
8240,6
8241,4
8242,7
8243,5
8244,0
8245,8
8246,7
8247,8
8248,1
8249,3
8250,1
8251,1
8252,3
8253,9
8254,0
8255,2
8256,7
8257,3
8258,7
8259,7
8260,9
8261,3
8262,5
8263,6
8264,1
8265,6
8266,7
8267,5
8268,6
8269,1
8270,7
8271,3
8272,9
8273,9
8274,6
8275,0
8276,1
8277,7
8278,6
8279,6
8280,2
8281,0
8282,0
8283,2
8284,9
8285,5
8286,6
8287,4
8288,6
8289,2
8290,1
8291,4
8292,7
8293,2
8294,9
8295,0
8296,1
8297,3
8298,1
8299,1
8300,0
8301,8
8302,3
8303,8
8304,9
8305,3
8306,0
8307,3
8308,9
8309,4
8310,1
8311,6
8312,9
8313,7
8314,2
8315,4
8316,9
8317,0
8318,1
8319,2
8320,4
8321,1
8322,0
8323,1
8324,2
8325,7
8326,1
8327,7
8328,1
8329,0
8330,8
8331,2
8332,0
8333,1
8334,1
8335,9
8336,6
8337,4
8338,8
8339,2
8340,0
8341,6
8342,6
8343,8
8344,8
8345,4
8346,8
8347,9
8348,9
8349,9
8350,6
8351,0
8352,4
8353,6
8354,6
8355,0
8356,6
8357,2
8358,2
8359,9
8360,6
8361,6
8362,6
8363,0
8364,1
8365,7
8366,2
8367,5
8368,1
8369,3
8370,1
8371,2
8372,2
8373,3
8374,7
8375,3
8376,6
8377,2
8378,3
8379,7
8380,4
8381,0
8382,2
8383,3
8384,8
8385,4
8386,7
8387,7
8388,4
8389,5
8390,7
8391,7
8392,5
8393,8
8394,5
8395,1
8396,1
8397,1
8398,2
8399,3
8400,4
8401,5
8402,1
8403,3
8404,5
8405,2
8406,4
8407,2
8408,7
8409,8
8410,5
8411,9
8412,3
8413,3
8414,8
8415,3
8416,7
8417,0
8418,6
8419,6
8420,3
8421,7
8422,8
8423,0
8424,0
8425,6
8426,1
8427,9
8428,7
8429,0
8430,9
8431,6
8432,6
8433,1
8434,5
8435,6
8436,8
8437,5
8438,9
8439,6
8440,7
8441,3
8442,8
8443,0
8444,6
8445,9
8446,6
8447,8
8448,5
8449,5
8450,0
8451,9
8452,4
8453,9
8454,8
8455,4
8456,7
8457,3
8458,8
8459,7
8460,9
8461,6
8462,5
8463,5
8464,8
8465,4
8466,4
8467,5
8468,2
8469,2
8470,9
8471,9
8472,2
8473,1
8474,6
8475,1
8476,0
8477,6
8478,9
8479,2
8480,6
8481,0
8482,7
8483,5
8484,8
8485,7
8486,7
8487,4
8488,5
8489,5
8490,0
8491,9
8492,5
8493,9
8494,0
8495,3
8496,1
8497,2
8498,3
8499,1
8500,1
8501,3
8502,6
8503,7
8504,2
8505,1
8506,9
8507,0
8508,3
8509,2
8510,6
8511,4
8512,5
8513,5
8514,9
8515,6
8516,8
8517,6
8518,5
8519,5
8520,6
8521,8
8522,8
8523,4
8524,2
8525,2
8526,5
8527,1
8528,9
8529,8
8530,8
8531,3
8532,7
8533,8
8534,8
8535,9
8536,6
8537,0
8538,8
8539,6
8540,0
8541,4
8542,8
8543,8
8544,5
8545,7
8546,7
8547,4
8548,4
8549,1
8550,6
8551,4
8552,9
8553,5
8554,7
8555,9
8556,4
8557,8
8558,0
8559,9
8560,5
8561,3
8562,5
8563,0
8564,6
8565,2
8566,5
8567,5
8568,0
8569,6
8570,9
8571,7
8572,1
8573,2
8574,6
8575,3
8576,9
8577,5
8578,3
8579,8
8580,4
8581,3
8582,6
8583,8
8584,4
8585,2
8586,8
8587,1
8588,7
8589,2
8590,2
8591,9
8592,7
8593,3
8594,0
8595,1
8596,9
8597,3
8598,4
8599,2
8600,9
8601,1
8602,7
8603,2
8604,5
8605,9
8606,6
8607,3
8608,7
8609,1
8610,3
8611,1
8612,1
8613,2
8614,5
8615,8
8616,7
8617,9
8618,1
8619,7
8620,4
8621,5
8622,9
8623,1
8624,0
8625,7
8626,5
8627,4
8628,6
8629,0
8630,4
8631,6
8632,4
8633,5
8634,1
8635,7
8636,1
8637,9
8638,8
8639,5
8640,2
8641,1
8642,3
8643,6
8644,0
8645,2
8646,0
8647,1
8648,2
8649,2
8650,9
8651,5
8652,9
8653,7
8654,6
8655,8
8656,8
8657,9
8658,8
8659,6
8660,4
8661,5
8662,5
8663,4
8664,2
8665,5
8666,8
8667,2
8668,2
8669,5
8670,6
8671,4
8672,7
8673,1
8674,7
8675,1
8676,5
8677,4
8678,7
8679,6
8680,3
8681,5
8682,9
8683,3
8684,8
8685,9
8686,2
8687,0
8688,2
8689,1
8690,4
8691,9
8692,5
8693,1
8694,7
8695,3
8696,7
8697,1
8698,9
8699,2
8700,3
8701,5
8702,8
8703,5
8704,2
8705,9
8706,3
8707,7
8708,4
8709,6
8710,4
8711,9
8712,2
8713,2
8714,0
8715,9
8716,7
8717,0
8718,3
8719,7
8720,7
8721,4
8722,3
8723,7
8724,2
8725,0
8726,0
8727,6
8728,2
8729,8
8730,9
8731,9
8732,7
8733,6
8734,2
8735,4
8736,2
8737,1
8738,7
8739,2
8740,3
8741,4
8742,5
8743,8
8744,5
8745,0
8746,2
8747,9
8748,4
8749,9
8750,9
8751,0
8752,3
8753,9
8754,5
8755,3
8756,7
8757,7
8758,0
8759,9
8760,9
8761,6
8762,9
8763,4
8764,1
8765,7
8766,1
8767,1
8768,7
8769,6
8770,0
8771,2
8772,1
8773,0
8774,5
8775,7
8776,9
8777,1
8778,0
8779,3
8780,1
8781,2
8782,2
8783,0
8784,0
8785,5
8786,3
8787,4
8788,6
8789,8
8790,8
8791,0
8792,0
8793,2
8794,0
8795,9
8796,5
8797,9
8798,3
8799,6
8800,8
8801,8
8802,3
8803,2
8804,0
8805,0
8806,6
8807,6
8808,2
8809,8
8810,8
8811,0
8812,9
8813,2
8814,2
8815,8
8816,3
8817,7
8818,9
8819,7
8820,2
8821,6
8822,1
8823,9
8824,7
8825,0
8826,1
8827,0
8828,4
8829,5
8830,8
8831,8
8832,2
8833,7
8834,4
8835,9
8836,2
8837,3
8838,0
8839,4
8840,9
8841,5
8842,3
8843,1
8844,4
8845,4
8846,6
8847,7
8848,5
8849,2
8850,3
8851,5
8852,8
8853,9
8854,5
8855,0
8856,1
8857,9
8858,1
8859,7
8860,4
8861,7
8862,4
8863,4
8864,3
8865,8
8866,1
8867,0
8868,6
8869,4
8870,8
8871,1
8872,6
8873,8
8874,8
8875,1
8876,1
8877,3
8878,3
8879,4
8880,0
8881,7
8882,4
8883,6
8884,4
8885,6
8886,9
8887,2
8888,1
8889,8
8890,2
8891,2
8892,6
8893,6
8894,1
8895,0
8896,1
8897,5
8898,6
8899,2
8900,8
8901,4
8902,9
8903,1
8904,7
8905,8
8906,8
8907,4
8908,1
8909,1
8910,0
8911,0
8912,0
8913,4
8914,2
8915,9
8916,2
8917,3
8918,0
8919,6
8920,2
8921,1
8922,7
8923,4
8924,2
8925,1
8926,9
8927,2
8928,5
8929,0
8930,4
8931,3
8932,3
8933,3
8934,3
8935,0
8936,8
8937,0
8938,1
8939,9
8940,0
8941,6
8942,6
8943,2
8944,7
8945,8
8946,4
8947,9
8948,1
8949,8
8950,8
8951,3
8952,8
8953,4
8954,8
8955,4
8956,4
8957,3
8958,0
8959,6
8960,1
8961,1
8962,5
8963,6
8964,8
8965,3
8966,9
8967,7
8968,9
8969,3
8970,5
8971,0
8972,9
8973,3
8974,8
8975,0
8976,8
8977,7
8978,8
8979,7
8980,7
8981,0
8982,6
8983,0
8984,1
8985,4
8986,9
8987,3
8988,3
8989,4
8990,2
8991,8
8992,2
8993,8
8994,2
8995,5
8996,2
8997,7
8998,3
8999,6
9000,5
9001,2
9002,6
9003,0
9004,1
9005,2
9006,0
9007,2
9008,4
9009,4
9010,2
9011,9
9012,9
9013,1
9014,0
9015,1
9016,4
9017,9
9018,4
9019,6
9020,7
9021,3
9022,0
9023,6
9024,7
9025,1
9026,2
9027,0
9028,6
9029,0
9030,2
9031,4
9032,2
9033,9
9034,3
9035,4
9036,7
9037,6
9038,0
9039,9
9040,2
9041,0
9042,5
9043,4
9044,6
9045,3
9046,1
9047,2
9048,8
9049,2
9050,5
9051,1
9052,7
9053,3
9054,6
9055,0
9056,4
9057,3
9058,8
9059,6
9060,7
9061,4
9062,3
9063,4
9064,1
9065,7
9066,8
9067,4
9068,6
9069,3
9070,4
9071,3
9072,3
9073,0
9074,0
9075,3
9076,8
9077,5
9078,7
9079,2
9080,6
9081,3
9082,5
9083,7
9084,8
9085,0
9086,8
9087,4
9088,4
9089,8
9090,1
9091,6
9092,2
9093,4
9094,7
9095,5
9096,5
9097,5
9098,3
9099,7
9100,6
9101,6
9102,7
9103,9
9104,2
9105,3
9106,6
9107,1
9108,7
9109,4
9110,4
9111,5
9112,6
9113,9
9114,0
9115,1
9116,5
9117,0
9118,5
9119,4
9120,1
9121,0
9122,2
9123,2
9124,4
9125,4
9126,5
9127,0
9128,7
9129,8
9130,0
9131,3
9132,0
9133,6
9134,9
9135,8
9136,9
9137,8
9138,1
9139,3
9140,3
9141,7
9142,1
9143,5
9144,1
9145,7
9146,5
9147,6
9148,1
9149,2
9150,8
9151,8
9152,7
9153,8
9154,9
9155,0
9156,8
9157,9
9158,5
9159,2
9160,6
9161,1
9162,4
9163,9
9164,3
9165,5
9166,3
9167,8
9168,0
9169,9
9170,2
9171,1
9172,3
9173,1
9174,2
9175,0
9176,3
9177,8
9178,4
9179,3
9180,3
9181,9
9182,7
9183,9
9184,5
9185,9
9186,6
9187,0
9188,0
9189,5
9190,3
9191,7
9192,8
9193,3
9194,8
9195,6
9196,1
9197,3
9198,9
9199,1
9200,7
9201,1
9202,3
9203,4
9204,7
9205,5
9206,8
9207,3
9208,0
9209,9
9210,8
9211,2
9212,6
9213,9
9214,7
9215,0
9216,0
9217,7
9218,5
9219,2
9220,9
9221,2
9222,2
9223,4
9224,1
9225,2
9226,9
9227,3
9228,4
9229,8
9230,4
9231,8
9232,2
9233,5
9234,0
9235,8
9236,6
9237,0
9238,9
9239,1
9240,8
9241,0
9242,5
9243,3
9244,8
9245,5
9246,7
9247,2
9248,4
9249,3
9250,3
9251,6
9252,9
9253,2
9254,5
9255,5
9256,1
9257,1
9258,1
9259,2
9260,5
9261,6
9262,4
9263,0
9264,1
9265,8
9266,4
9267,8
9268,1
9269,7
9270,7
9271,4
9272,7
9273,0
9274,9
9275,7
9276,3
9277,3
9278,3
9279,6
9280,0
9281,2
9282,9
9283,2
9284,8
9285,3
9286,6
9287,9
9288,6
9289,1
9290,8
9291,2
9292,1
9293,8
9294,8
9295,2
9296,6
9297,0
9298,7
9299,4
9300,2
9301,8
9302,6
9303,9
9304,9
9305,6
9306,7
9307,4
9308,3
9309,6
9310,0
9311,6
9312,7
9313,8
9314,1
9315,0
9316,9
9317,8
9318,5
9319,9
9320,4
9321,6
9322,2
9323,5
9324,9
9325,8
9326,3
9327,8
9328,0
9329,4
9330,3
9331,7
9332,2
9333,1
9334,2
9335,3
9336,1
9337,9
9338,1
9339,1
9340,4
9341,2
9342,0
9343,1
9344,7
9345,4
9346,3
9347,3
9348,8
9349,7
9350,5
9351,7
9352,7
9353,9
9354,6
9355,6
9356,0
9357,2
9358,5
9359,8
9360,5
9361,3
9362,3
9363,6
9364,5
9365,7
9366,0
9367,9
9368,3
9369,3
9370,8
9371,3
9372,0
9373,1
9374,5
9375,3
9376,3
9377,2
9378,0
9379,2
9380,2
9381,1
9382,4
9383,4
9384,2
9385,6
9386,1
9387,3
9388,5
9389,0
9390,8
9391,3
9392,3
9393,0
9394,2
9395,6
9396,6
9397,6
9398,5
9399,4
9400,4
9401,0
9402,5
9403,1
9404,0
9405,3
9406,7
9407,2
9408,2
9409,4
9410,2
9411,5
9412,7
9413,1
9414,8
9415,4
9416,6
9417,0
9418,8
9419,9
9420,8
9421,4
9422,8
9423,2
9424,2
9425,2
9426,9
9427,7
9428,4
9429,4
9430,9
9431,2
9432,1
9433,0
9434,8
9435,1
9436,0
9437,1
9438,5
9439,4
9440,9
9441,0
9442,9
9443,5
9444,7
9445,9
9446,7
9447,4
9448,8
9449,4
9450,9
9451,6
9452,1
9453,1
9454,6
9455,3
9456,2
9457,0
9458,9
9459,3
9460,8
9461,8
9462,2
9463,6
9464,6
9465,2
9466,6
9467,8
9468,4
9469,8
9470,3
9471,6
9472,6
9473,9
9474,2
9475,3
9476,1
9477,4
9478,6
9479,7
9480,4
9481,1
9482,0
9483,9
9484,5
9485,9
9486,2
9487,9
9488,9
9489,7
9490,7
9491,4
9492,5
9493,3
9494,6
9495,2
9496,2
9497,1
9498,6
9499,9
9500,5
9501,9
9502,1
9503,0
9504,0
9505,5
9506,6
9507,5
9508,9
9509,7
9510,9
9511,7
9512,6
9513,3
9514,3
9515,2
9516,3
9517,2
9518,1
9519,3
9520,0
9521,3
9522,7
9523,5
9524,1
9525,2
9526,2
9527,4
9528,3
9529,3
9530,6
9531,2
9532,8
9533,5
9534,4
9535,1
9536,9
9537,5
9538,1
9539,6
9540,8
9541,8
9542,4
9543,4
9544,3
9545,4
9546,4
9547,7
9548,7
9549,7
9550,3
9551,6
9552,4
9553,1
9554,4
9555,1
9556,0
9557,7
9558,0
9559,9
9560,9
9561,5
9562,9
9563,6
9564,3
9565,1
9566,1
9567,1
9568,9
9569,7
9570,6
9571,1
9572,0
9573,0
9574,0
9575,1
9576,3
9577,3
9578,9
9579,9
9580,2
9581,6
9582,3
9583,3
9584,3
9585,6
9586,3
9587,9
9588,9
9589,8
9590,6
9591,4
9592,6
9593,5
9594,1
9595,3
9596,8
9597,2
9598,0
9599,1
9600,0
9601,5
9602,6
9603,3
9604,3
9605,9
9606,8
9607,4
9608,1
9609,9
9610,6
9611,9
9612,9
9613,0
9614,1
9615,1
9616,1
9617,8
9618,4
9619,1
9620,7
9621,6
9622,4
9623,9
9624,8
9625,9
9626,2
9627,7
9628,2
9629,5
9630,1
9631,6
9632,4
9633,0
9634,7
9635,4
9636,2
9637,1
9638,4
9639,7
9640,6
9641,5
9642,3
9643,3
9644,3
9645,7
9646,1
9647,8
9648,9
9649,9
9650,0
9651,9
9652,8
9653,6
9654,7
9655,8
9656,6
9657,5
9658,5
9659,6
9660,6
9661,5
9662,2
9663,8
9664,0
9665,5
9666,9
9667,4
9668,3
9669,7
9670,6
9671,8
9672,3
9673,0
9674,8
9675,6
9676,2
9677,1
9678,9
9679,0
9680,2
9681,9
9682,6
9683,6
9684,8
9685,5
9686,0
9687,1
9688,9
9689,7
9690,4
9691,5
9692,2
9693,1
9694,3
9695,7
9696,5
9697,2
9698,6
9699,2
9700,5
9701,9
9702,4
9703,1
9704,4
9705,9
9706,7
9707,1
9708,0
9709,6
9710,9
9711,0
9712,9
9713,2
9714,1
9715,4
9716,1
9717,6
9718,3
9719,1
9720,8
9721,1
9722,7
9723,4
9724,8
9725,5
9726,9
9727,4
9728,5
9729,6
9730,1
9731,9
9732,6
9733,8
9734,4
9735,3
9736,2
9737,0
9738,2
9739,9
9740,3
9741,1
9742,8
9743,1
9744,8
9745,5
9746,8
9747,0
9748,1
9749,1
9750,2
9751,0
9752,4
9753,4
9754,7
9755,4
9756,0
9757,2
9758,7
9759,8
9760,4
9761,9
9762,3
9763,5
9764,9
9765,3
9766,1
9767,8
9768,1
9769,4
9770,0
9771,6
9772,6
9773,0
9774,7
9775,6
9776,1
9777,3
9778,8
9779,5
9780,8
9781,1
9782,3
9783,7
9784,8
9785,9
9786,8
9787,7
9788,1
9789,7
9790,5
9791,9
9792,1
9793,1
9794,7
9795,3
9796,9
9797,5
9798,0
9799,9
9800,6
9801,7
9802,0
9803,9
9804,3
9805,3
9806,3
9807,5
9808,1
9809,0
9810,6
9811,4
9812,8
9813,4
9814,2
9815,4
9816,2
9817,5
9818,5
9819,4
9820,4
9821,1
9822,5
9823,4
9824,0
9825,9
9826,9
9827,3
9828,9
9829,0
9830,5
9831,2
9832,4
9833,9
9834,6
9835,2
9836,9
9837,4
9838,9
9839,2
9840,4
9841,9
9842,9
9843,8
9844,3
9845,1
9846,3
9847,1
9848,3
9849,6
9850,1
9851,6
9852,4
9853,1
9854,8
9855,8
9856,7
9857,8
9858,7
9859,7
9860,4
9861,5
9862,2
9863,0
9864,0
9865,1
9866,0
9867,8
9868,4
9869,5
9870,7
9871,5
9872,6
9873,9
9874,2
9875,1
9876,7
9877,5
9878,9
9879,3
9880,8
9881,6
9882,9
9883,5
9884,3
9885,6
9886,1
9887,6
9888,4
9889,2
9890,6
9891,2
9892,7
9893,6
9894,3
9895,3
9896,8
9897,1
9898,3
9899,7
9900,7
9901,2
9902,9
9903,5
9904,8
9905,2
9906,0
9907,7
9908,2
9909,8
9910,4
9911,3
9912,8
9913,2
9914,9
9915,7
9916,1
9917,8
9918,5
9919,6
9920,0
9921,0
9922,6
9923,6
9924,6
9925,1
9926,3
9927,7
9928,2
9929,4
9930,0
9931,4
9932,3
9933,2
9934,9
9935,6
9936,6
9937,6
9938,3
9939,9
9940,9
9941,6
9942,0
9943,0
9944,8
9945,4
9946,1
9947,0
9948,9
9949,4
9950,9
9951,5
9952,4
9953,2
9954,7
9955,4
9956,9
9957,8
9958,1
9959,0
9960,1
9961,7
9962,8
9963,4
9964,0
9965,5
9966,8
9967,2
9968,1
9969,1
9970,4
9971,6
9972,9
9973,7
9974,6
9975,6
9976,0
9977,0
9978,5
9979,7
9980,9
9981,2
9982,9
9983,9
9984,1
9985,3
9986,2
9987,6
9988,1
9989,5
9990,3
9991,8
9992,4
9993,5
9994,2
9995,6
9996,5
9997,9
9998,4
9999,5
